<gpx xmlns:ns3="http://www.garmin.com/xmlschemas/TrackPointExtension/v1" xmlns="http://www.topografix.com/GPX/1/1" xmlns:xsi="http://www.w3.org/2001/XMLSchema-instance" xmlns:ns2="http://www.garmin.com/xmlschemas/GpxExtensions/v3" creator="Garmin Connect" version="1.1" xsi:schemaLocation="http://www.topografix.com/GPX/1/1 http://www.topografix.com/GPX/11.xsd">
  <extensions>
<distance>10128.14</distance>
<average_hr>104.0</average_hr>
<average_speed>4.909999847412109</average_speed>
<start_time>2026-02-18T08:57:23+00:00</start_time>
<end_time>2026-02-18T09:31:45.567000+00:00</end_time>
<moving_time>1734.0</moving_time>
<elapsed_time>2062.567</elapsed_time>
</extensions>
<metadata>
    <link href="connect.garmin.com">
      <text>Garmin Connect</text>
    </link>
    <time>2026-02-18T08:57:23.000Z</time>
  </metadata>
  <trk>
    <name>浦东新区 骑行</name>
    <type>cycling</type>
    <trkseg>
      <trkpt lat="31.18926479481160640716552734375" lon="121.48801811970770359039306640625">
        <ele>16</ele>
        <time>2026-02-18T08:57:34.000Z</time>
        <extensions>
          <ns3:TrackPointExtension>
            <ns3:atemp>22.0</ns3:atemp>
            <ns3:hr>79</ns3:hr>
          </ns3:TrackPointExtension>
        </extensions>
      </trkpt>
      <trkpt lat="31.18944031186401844024658203125" lon="121.48801711387932300567626953125">
        <ele>16</ele>
        <time>2026-02-18T08:57:39.000Z</time>
        <extensions>
          <ns3:TrackPointExtension>
            <ns3:atemp>22.0</ns3:atemp>
            <ns3:hr>78</ns3:hr>
          </ns3:TrackPointExtension>
        </extensions>
      </trkpt>
      <trkpt lat="31.18953980505466461181640625" lon="121.48806698620319366455078125">
        <ele>16</ele>
        <time>2026-02-18T08:57:42.000Z</time>
        <extensions>
          <ns3:TrackPointExtension>
            <ns3:atemp>22.0</ns3:atemp>
            <ns3:hr>81</ns3:hr>
          </ns3:TrackPointExtension>
        </extensions>
      </trkpt>
      <trkpt lat="31.189599819481372833251953125" lon="121.48807545192539691925048828125">
        <ele>16</ele>
        <time>2026-02-18T08:57:44.000Z</time>
        <extensions>
          <ns3:TrackPointExtension>
            <ns3:atemp>22.0</ns3:atemp>
            <ns3:hr>81</ns3:hr>
          </ns3:TrackPointExtension>
        </extensions>
      </trkpt>
      <trkpt lat="31.18970341980457305908203125" lon="121.48801309056580066680908203125">
        <ele>16.200000762939453125</ele>
        <time>2026-02-18T08:57:48.000Z</time>
        <extensions>
          <ns3:TrackPointExtension>
            <ns3:atemp>22.0</ns3:atemp>
            <ns3:hr>83</ns3:hr>
          </ns3:TrackPointExtension>
        </extensions>
      </trkpt>
      <trkpt lat="31.18991523049771785736083984375" lon="121.487920470535755157470703125">
        <ele>16.799999237060546875</ele>
        <time>2026-02-18T08:57:55.000Z</time>
        <extensions>
          <ns3:TrackPointExtension>
            <ns3:atemp>22.0</ns3:atemp>
            <ns3:hr>82</ns3:hr>
          </ns3:TrackPointExtension>
        </extensions>
      </trkpt>
      <trkpt lat="31.18993970565497875213623046875" lon="121.48791535757482051849365234375">
        <ele>17.200000762939453125</ele>
        <time>2026-02-18T08:57:56.000Z</time>
        <extensions>
          <ns3:TrackPointExtension>
            <ns3:atemp>22.0</ns3:atemp>
            <ns3:hr>82</ns3:hr>
          </ns3:TrackPointExtension>
        </extensions>
      </trkpt>
      <trkpt lat="31.189968623220920562744140625" lon="121.487907059490680694580078125">
        <ele>17.3999996185302734375</ele>
        <time>2026-02-18T08:57:57.000Z</time>
        <extensions>
          <ns3:TrackPointExtension>
            <ns3:atemp>22.0</ns3:atemp>
            <ns3:hr>82</ns3:hr>
          </ns3:TrackPointExtension>
        </extensions>
      </trkpt>
      <trkpt lat="31.19005638174712657928466796875" lon="121.48787562735378742218017578125">
        <ele>17.3999996185302734375</ele>
        <time>2026-02-18T08:58:00.000Z</time>
        <extensions>
          <ns3:TrackPointExtension>
            <ns3:atemp>22.0</ns3:atemp>
            <ns3:hr>85</ns3:hr>
          </ns3:TrackPointExtension>
        </extensions>
      </trkpt>
      <trkpt lat="31.19014422409236431121826171875" lon="121.4878396689891815185546875">
        <ele>17.6000003814697265625</ele>
        <time>2026-02-18T08:58:03.000Z</time>
        <extensions>
          <ns3:TrackPointExtension>
            <ns3:atemp>22.0</ns3:atemp>
            <ns3:hr>87</ns3:hr>
          </ns3:TrackPointExtension>
        </extensions>
      </trkpt>
      <trkpt lat="31.190289817750453948974609375" lon="121.4876948297023773193359375">
        <ele>18</ele>
        <time>2026-02-18T08:58:09.000Z</time>
        <extensions>
          <ns3:TrackPointExtension>
            <ns3:atemp>22.0</ns3:atemp>
            <ns3:hr>88</ns3:hr>
          </ns3:TrackPointExtension>
        </extensions>
      </trkpt>
      <trkpt lat="31.19029660709202289581298828125" lon="121.487534232437610626220703125">
        <ele>18</ele>
        <time>2026-02-18T08:58:13.000Z</time>
        <extensions>
          <ns3:TrackPointExtension>
            <ns3:atemp>22.0</ns3:atemp>
            <ns3:hr>86</ns3:hr>
          </ns3:TrackPointExtension>
        </extensions>
      </trkpt>
      <trkpt lat="31.19026307947933673858642578125" lon="121.487276069819927215576171875">
        <ele>18</ele>
        <time>2026-02-18T08:58:19.000Z</time>
        <extensions>
          <ns3:TrackPointExtension>
            <ns3:atemp>21.0</ns3:atemp>
            <ns3:hr>91</ns3:hr>
          </ns3:TrackPointExtension>
        </extensions>
      </trkpt>
      <trkpt lat="31.19025251828134059906005859375" lon="121.487231142818927764892578125">
        <ele>18</ele>
        <time>2026-02-18T08:58:20.000Z</time>
        <extensions>
          <ns3:TrackPointExtension>
            <ns3:atemp>21.0</ns3:atemp>
            <ns3:hr>91</ns3:hr>
          </ns3:TrackPointExtension>
        </extensions>
      </trkpt>
      <trkpt lat="31.19024388492107391357421875" lon="121.487186886370182037353515625">
        <ele>18</ele>
        <time>2026-02-18T08:58:21.000Z</time>
        <extensions>
          <ns3:TrackPointExtension>
            <ns3:atemp>21.0</ns3:atemp>
            <ns3:hr>93</ns3:hr>
          </ns3:TrackPointExtension>
        </extensions>
      </trkpt>
      <trkpt lat="31.1902350001037120819091796875" lon="121.487095355987548828125">
        <ele>18</ele>
        <time>2026-02-18T08:58:23.000Z</time>
        <extensions>
          <ns3:TrackPointExtension>
            <ns3:atemp>21.0</ns3:atemp>
            <ns3:hr>97</ns3:hr>
          </ns3:TrackPointExtension>
        </extensions>
      </trkpt>
      <trkpt lat="31.19021982885897159576416015625" lon="121.486954204738140106201171875">
        <ele>18</ele>
        <time>2026-02-18T08:58:26.000Z</time>
        <extensions>
          <ns3:TrackPointExtension>
            <ns3:atemp>22.0</ns3:atemp>
            <ns3:hr>100</ns3:hr>
          </ns3:TrackPointExtension>
        </extensions>
      </trkpt>
      <trkpt lat="31.1902148835361003875732421875" lon="121.48686007596552371978759765625">
        <ele>18</ele>
        <time>2026-02-18T08:58:28.000Z</time>
        <extensions>
          <ns3:TrackPointExtension>
            <ns3:atemp>21.0</ns3:atemp>
            <ns3:hr>101</ns3:hr>
          </ns3:TrackPointExtension>
        </extensions>
      </trkpt>
      <trkpt lat="31.1901632510125637054443359375" lon="121.48659445345401763916015625">
        <ele>18</ele>
        <time>2026-02-18T08:58:34.000Z</time>
        <extensions>
          <ns3:TrackPointExtension>
            <ns3:atemp>21.0</ns3:atemp>
            <ns3:hr>99</ns3:hr>
          </ns3:TrackPointExtension>
        </extensions>
      </trkpt>
      <trkpt lat="31.1901179887354373931884765625" lon="121.48627066053450107574462890625">
        <ele>18</ele>
        <time>2026-02-18T08:58:41.000Z</time>
        <extensions>
          <ns3:TrackPointExtension>
            <ns3:atemp>21.0</ns3:atemp>
            <ns3:hr>100</ns3:hr>
          </ns3:TrackPointExtension>
        </extensions>
      </trkpt>
      <trkpt lat="31.1899776756763458251953125" lon="121.485931612551212310791015625">
        <ele>18</ele>
        <time>2026-02-18T08:58:49.000Z</time>
        <extensions>
          <ns3:TrackPointExtension>
            <ns3:atemp>21.0</ns3:atemp>
            <ns3:hr>102</ns3:hr>
          </ns3:TrackPointExtension>
        </extensions>
      </trkpt>
      <trkpt lat="31.189964599907398223876953125" lon="121.48588777519762516021728515625">
        <ele>18.200000762939453125</ele>
        <time>2026-02-18T08:58:50.000Z</time>
        <extensions>
          <ns3:TrackPointExtension>
            <ns3:atemp>21.0</ns3:atemp>
            <ns3:hr>102</ns3:hr>
          </ns3:TrackPointExtension>
        </extensions>
      </trkpt>
      <trkpt lat="31.18991154246032238006591796875" lon="121.48551888763904571533203125">
        <ele>19.200000762939453125</ele>
        <time>2026-02-18T08:58:59.000Z</time>
        <extensions>
          <ns3:TrackPointExtension>
            <ns3:atemp>21.0</ns3:atemp>
            <ns3:hr>103</ns3:hr>
          </ns3:TrackPointExtension>
        </extensions>
      </trkpt>
      <trkpt lat="31.1899111233651638031005859375" lon="121.485140360891819000244140625">
        <ele>19.6000003814697265625</ele>
        <time>2026-02-18T08:59:08.000Z</time>
        <extensions>
          <ns3:TrackPointExtension>
            <ns3:atemp>21.0</ns3:atemp>
            <ns3:hr>105</ns3:hr>
          </ns3:TrackPointExtension>
        </extensions>
      </trkpt>
      <trkpt lat="31.18994347751140594482421875" lon="121.48493123240768909454345703125">
        <ele>20</ele>
        <time>2026-02-18T08:59:13.000Z</time>
        <extensions>
          <ns3:TrackPointExtension>
            <ns3:atemp>21.0</ns3:atemp>
            <ns3:hr>107</ns3:hr>
          </ns3:TrackPointExtension>
        </extensions>
      </trkpt>
      <trkpt lat="31.189951859414577484130859375" lon="121.484717242419719696044921875">
        <ele>20.200000762939453125</ele>
        <time>2026-02-18T08:59:18.000Z</time>
        <extensions>
          <ns3:TrackPointExtension>
            <ns3:atemp>21.0</ns3:atemp>
            <ns3:hr>110</ns3:hr>
          </ns3:TrackPointExtension>
        </extensions>
      </trkpt>
      <trkpt lat="31.18993920274078845977783203125" lon="121.4844428189098834991455078125">
        <ele>20.200000762939453125</ele>
        <time>2026-02-18T08:59:24.000Z</time>
        <extensions>
          <ns3:TrackPointExtension>
            <ns3:atemp>21.0</ns3:atemp>
            <ns3:hr>110</ns3:hr>
          </ns3:TrackPointExtension>
        </extensions>
      </trkpt>
      <trkpt lat="31.18991455994546413421630859375" lon="121.48427107371389865875244140625">
        <ele>20</ele>
        <time>2026-02-18T08:59:28.000Z</time>
        <extensions>
          <ns3:TrackPointExtension>
            <ns3:atemp>21.0</ns3:atemp>
            <ns3:hr>110</ns3:hr>
          </ns3:TrackPointExtension>
        </extensions>
      </trkpt>
      <trkpt lat="31.18988237343728542327880859375" lon="121.4840924553573131561279296875">
        <ele>19.799999237060546875</ele>
        <time>2026-02-18T08:59:32.000Z</time>
        <extensions>
          <ns3:TrackPointExtension>
            <ns3:atemp>21.0</ns3:atemp>
            <ns3:hr>109</ns3:hr>
          </ns3:TrackPointExtension>
        </extensions>
      </trkpt>
      <trkpt lat="31.18984934873878955841064453125" lon="121.48396010510623455047607421875">
        <ele>19.6000003814697265625</ele>
        <time>2026-02-18T08:59:35.000Z</time>
        <extensions>
          <ns3:TrackPointExtension>
            <ns3:atemp>21.0</ns3:atemp>
            <ns3:hr>106</ns3:hr>
          </ns3:TrackPointExtension>
        </extensions>
      </trkpt>
      <trkpt lat="31.1897957883775234222412109375" lon="121.48377452977001667022705078125">
        <ele>19.6000003814697265625</ele>
        <time>2026-02-18T08:59:39.000Z</time>
        <extensions>
          <ns3:TrackPointExtension>
            <ns3:atemp>21.0</ns3:atemp>
            <ns3:hr>103</ns3:hr>
          </ns3:TrackPointExtension>
        </extensions>
      </trkpt>
      <trkpt lat="31.18977726437151432037353515625" lon="121.48372708819806575775146484375">
        <ele>19.6000003814697265625</ele>
        <time>2026-02-18T08:59:40.000Z</time>
        <extensions>
          <ns3:TrackPointExtension>
            <ns3:atemp>21.0</ns3:atemp>
            <ns3:hr>102</ns3:hr>
          </ns3:TrackPointExtension>
        </extensions>
      </trkpt>
      <trkpt lat="31.18972085416316986083984375" lon="121.4835858531296253204345703125">
        <ele>19.3999996185302734375</ele>
        <time>2026-02-18T08:59:43.000Z</time>
        <extensions>
          <ns3:TrackPointExtension>
            <ns3:atemp>21.0</ns3:atemp>
            <ns3:hr>99</ns3:hr>
          </ns3:TrackPointExtension>
        </extensions>
      </trkpt>
      <trkpt lat="31.18968355469405651092529296875" lon="121.483494155108928680419921875">
        <ele>19.3999996185302734375</ele>
        <time>2026-02-18T08:59:45.000Z</time>
        <extensions>
          <ns3:TrackPointExtension>
            <ns3:atemp>21.0</ns3:atemp>
            <ns3:hr>98</ns3:hr>
          </ns3:TrackPointExtension>
        </extensions>
      </trkpt>
      <trkpt lat="31.1896019987761974334716796875" lon="121.4833040535449981689453125">
        <ele>19.200000762939453125</ele>
        <time>2026-02-18T08:59:49.000Z</time>
        <extensions>
          <ns3:TrackPointExtension>
            <ns3:atemp>21.0</ns3:atemp>
            <ns3:hr>98</ns3:hr>
          </ns3:TrackPointExtension>
        </extensions>
      </trkpt>
      <trkpt lat="31.18947953917086124420166015625" lon="121.482965759932994842529296875">
        <ele>18.799999237060546875</ele>
        <time>2026-02-18T08:59:56.000Z</time>
        <extensions>
          <ns3:TrackPointExtension>
            <ns3:atemp>21.0</ns3:atemp>
            <ns3:hr>98</ns3:hr>
          </ns3:TrackPointExtension>
        </extensions>
      </trkpt>
      <trkpt lat="31.18933855555951595306396484375" lon="121.4825253747403621673583984375">
        <ele>18.6000003814697265625</ele>
        <time>2026-02-18T09:00:05.000Z</time>
        <extensions>
          <ns3:TrackPointExtension>
            <ns3:atemp>21.0</ns3:atemp>
            <ns3:hr>97</ns3:hr>
          </ns3:TrackPointExtension>
        </extensions>
      </trkpt>
      <trkpt lat="31.18929916061460971832275390625" lon="121.48238145746290683746337890625">
        <ele>18.6000003814697265625</ele>
        <time>2026-02-18T09:00:08.000Z</time>
        <extensions>
          <ns3:TrackPointExtension>
            <ns3:atemp>21.0</ns3:atemp>
            <ns3:hr>97</ns3:hr>
          </ns3:TrackPointExtension>
        </extensions>
      </trkpt>
      <trkpt lat="31.18927602656185626983642578125" lon="121.482285819947719573974609375">
        <ele>18.6000003814697265625</ele>
        <time>2026-02-18T09:00:10.000Z</time>
        <extensions>
          <ns3:TrackPointExtension>
            <ns3:atemp>21.0</ns3:atemp>
            <ns3:hr>97</ns3:hr>
          </ns3:TrackPointExtension>
        </extensions>
      </trkpt>
      <trkpt lat="31.1892668902873992919921875" lon="121.4822326786816120147705078125">
        <ele>18.6000003814697265625</ele>
        <time>2026-02-18T09:00:11.000Z</time>
        <extensions>
          <ns3:TrackPointExtension>
            <ns3:atemp>21.0</ns3:atemp>
            <ns3:hr>97</ns3:hr>
          </ns3:TrackPointExtension>
        </extensions>
      </trkpt>
      <trkpt lat="31.18923596106469631195068359375" lon="121.48207836784422397613525390625">
        <ele>18.799999237060546875</ele>
        <time>2026-02-18T09:00:14.000Z</time>
        <extensions>
          <ns3:TrackPointExtension>
            <ns3:atemp>21.0</ns3:atemp>
            <ns3:hr>96</ns3:hr>
          </ns3:TrackPointExtension>
        </extensions>
      </trkpt>
      <trkpt lat="31.18920184671878814697265625" lon="121.48187736980617046356201171875">
        <ele>18.799999237060546875</ele>
        <time>2026-02-18T09:00:18.000Z</time>
        <extensions>
          <ns3:TrackPointExtension>
            <ns3:atemp>21.0</ns3:atemp>
            <ns3:hr>97</ns3:hr>
          </ns3:TrackPointExtension>
        </extensions>
      </trkpt>
      <trkpt lat="31.1891738511621952056884765625" lon="121.48164384998381137847900390625">
        <ele>18.799999237060546875</ele>
        <time>2026-02-18T09:00:23.000Z</time>
        <extensions>
          <ns3:TrackPointExtension>
            <ns3:atemp>21.0</ns3:atemp>
            <ns3:hr>100</ns3:hr>
          </ns3:TrackPointExtension>
        </extensions>
      </trkpt>
      <trkpt lat="31.18916094303131103515625" lon="121.481555588543415069580078125">
        <ele>18.799999237060546875</ele>
        <time>2026-02-18T09:00:25.000Z</time>
        <extensions>
          <ns3:TrackPointExtension>
            <ns3:atemp>21.0</ns3:atemp>
            <ns3:hr>101</ns3:hr>
          </ns3:TrackPointExtension>
        </extensions>
      </trkpt>
      <trkpt lat="31.18910654447972774505615234375" lon="121.481033898890018463134765625">
        <ele>18.6000003814697265625</ele>
        <time>2026-02-18T09:00:36.000Z</time>
        <extensions>
          <ns3:TrackPointExtension>
            <ns3:atemp>21.0</ns3:atemp>
            <ns3:hr>101</ns3:hr>
          </ns3:TrackPointExtension>
        </extensions>
      </trkpt>
      <trkpt lat="31.18915096856653690338134765625" lon="121.48087807931005954742431640625">
        <ele>18.6000003814697265625</ele>
        <time>2026-02-18T09:00:40.000Z</time>
        <extensions>
          <ns3:TrackPointExtension>
            <ns3:atemp>21.0</ns3:atemp>
            <ns3:hr>100</ns3:hr>
          </ns3:TrackPointExtension>
        </extensions>
      </trkpt>
      <trkpt lat="31.18924233131110668182373046875" lon="121.4807202480733394622802734375">
        <ele>18.200000762939453125</ele>
        <time>2026-02-18T09:00:44.000Z</time>
        <extensions>
          <ns3:TrackPointExtension>
            <ns3:atemp>21.0</ns3:atemp>
            <ns3:hr>97</ns3:hr>
          </ns3:TrackPointExtension>
        </extensions>
      </trkpt>
      <trkpt lat="31.1892573349177837371826171875" lon="121.4806754887104034423828125">
        <ele>18</ele>
        <time>2026-02-18T09:00:45.000Z</time>
        <extensions>
          <ns3:TrackPointExtension>
            <ns3:atemp>21.0</ns3:atemp>
            <ns3:hr>95</ns3:hr>
          </ns3:TrackPointExtension>
        </extensions>
      </trkpt>
      <trkpt lat="31.189267225563526153564453125" lon="121.480632238090038299560546875">
        <ele>17.799999237060546875</ele>
        <time>2026-02-18T09:00:46.000Z</time>
        <extensions>
          <ns3:TrackPointExtension>
            <ns3:atemp>21.0</ns3:atemp>
            <ns3:hr>93</ns3:hr>
          </ns3:TrackPointExtension>
        </extensions>
      </trkpt>
      <trkpt lat="31.18929983116686344146728515625" lon="121.48050743155181407928466796875">
        <ele>17.6000003814697265625</ele>
        <time>2026-02-18T09:00:49.000Z</time>
        <extensions>
          <ns3:TrackPointExtension>
            <ns3:atemp>21.0</ns3:atemp>
            <ns3:hr>90</ns3:hr>
          </ns3:TrackPointExtension>
        </extensions>
      </trkpt>
      <trkpt lat="31.1893264017999172210693359375" lon="121.4803682081401348114013671875">
        <ele>17.3999996185302734375</ele>
        <time>2026-02-18T09:00:52.000Z</time>
        <extensions>
          <ns3:TrackPointExtension>
            <ns3:atemp>21.0</ns3:atemp>
            <ns3:hr>88</ns3:hr>
          </ns3:TrackPointExtension>
        </extensions>
      </trkpt>
      <trkpt lat="31.1893039382994174957275390625" lon="121.4800788648426532745361328125">
        <ele>17.3999996185302734375</ele>
        <time>2026-02-18T09:00:58.000Z</time>
        <extensions>
          <ns3:TrackPointExtension>
            <ns3:atemp>21.0</ns3:atemp>
            <ns3:hr>89</ns3:hr>
          </ns3:TrackPointExtension>
        </extensions>
      </trkpt>
      <trkpt lat="31.18925641290843486785888671875" lon="121.47984660230576992034912109375">
        <ele>17.3999996185302734375</ele>
        <time>2026-02-18T09:01:03.000Z</time>
        <extensions>
          <ns3:TrackPointExtension>
            <ns3:atemp>21.0</ns3:atemp>
            <ns3:hr>94</ns3:hr>
          </ns3:TrackPointExtension>
        </extensions>
      </trkpt>
      <trkpt lat="31.18924736045300960540771484375" lon="121.4798029325902462005615234375">
        <ele>17.3999996185302734375</ele>
        <time>2026-02-18T09:01:04.000Z</time>
        <extensions>
          <ns3:TrackPointExtension>
            <ns3:atemp>21.0</ns3:atemp>
            <ns3:hr>96</ns3:hr>
          </ns3:TrackPointExtension>
        </extensions>
      </trkpt>
      <trkpt lat="31.18921115063130855560302734375" lon="121.47962096147239208221435546875">
        <ele>17.3999996185302734375</ele>
        <time>2026-02-18T09:01:08.000Z</time>
        <extensions>
          <ns3:TrackPointExtension>
            <ns3:atemp>21.0</ns3:atemp>
            <ns3:hr>99</ns3:hr>
          </ns3:TrackPointExtension>
        </extensions>
      </trkpt>
      <trkpt lat="31.1890984140336513519287109375" lon="121.47914486937224864959716796875">
        <ele>17.200000762939453125</ele>
        <time>2026-02-18T09:01:18.000Z</time>
        <extensions>
          <ns3:TrackPointExtension>
            <ns3:atemp>20.0</ns3:atemp>
            <ns3:hr>98</ns3:hr>
          </ns3:TrackPointExtension>
        </extensions>
      </trkpt>
      <trkpt lat="31.1890910379588603973388671875" lon="121.4790954999625682830810546875">
        <ele>17.3999996185302734375</ele>
        <time>2026-02-18T09:01:19.000Z</time>
        <extensions>
          <ns3:TrackPointExtension>
            <ns3:atemp>21.0</ns3:atemp>
            <ns3:hr>98</ns3:hr>
          </ns3:TrackPointExtension>
        </extensions>
      </trkpt>
      <trkpt lat="31.18905507959425449371337890625" lon="121.4788489043712615966796875">
        <ele>17.200000762939453125</ele>
        <time>2026-02-18T09:01:24.000Z</time>
        <extensions>
          <ns3:TrackPointExtension>
            <ns3:atemp>20.0</ns3:atemp>
            <ns3:hr>98</ns3:hr>
          </ns3:TrackPointExtension>
        </extensions>
      </trkpt>
      <trkpt lat="31.18899799883365631103515625" lon="121.47862317971885204315185546875">
        <ele>17.200000762939453125</ele>
        <time>2026-02-18T09:01:29.000Z</time>
        <extensions>
          <ns3:TrackPointExtension>
            <ns3:atemp>20.0</ns3:atemp>
            <ns3:hr>100</ns3:hr>
          </ns3:TrackPointExtension>
        </extensions>
      </trkpt>
      <trkpt lat="31.18894410319626331329345703125" lon="121.47855050861835479736328125">
        <ele>17</ele>
        <time>2026-02-18T09:01:31.000Z</time>
        <extensions>
          <ns3:TrackPointExtension>
            <ns3:atemp>20.0</ns3:atemp>
            <ns3:hr>100</ns3:hr>
          </ns3:TrackPointExtension>
        </extensions>
      </trkpt>
      <trkpt lat="31.18890688754618167877197265625" lon="121.4785208366811275482177734375">
        <ele>17</ele>
        <time>2026-02-18T09:01:32.000Z</time>
        <extensions>
          <ns3:TrackPointExtension>
            <ns3:atemp>20.0</ns3:atemp>
            <ns3:hr>100</ns3:hr>
          </ns3:TrackPointExtension>
        </extensions>
      </trkpt>
      <trkpt lat="31.1887115053832530975341796875" lon="121.4783659391105175018310546875">
        <ele>16.6000003814697265625</ele>
        <time>2026-02-18T09:01:37.000Z</time>
        <extensions>
          <ns3:TrackPointExtension>
            <ns3:atemp>20.0</ns3:atemp>
            <ns3:hr>98</ns3:hr>
          </ns3:TrackPointExtension>
        </extensions>
      </trkpt>
      <trkpt lat="31.1885659955441951751708984375" lon="121.47820207290351390838623046875">
        <ele>16.6000003814697265625</ele>
        <time>2026-02-18T09:01:41.000Z</time>
        <extensions>
          <ns3:TrackPointExtension>
            <ns3:atemp>20.0</ns3:atemp>
            <ns3:hr>97</ns3:hr>
          </ns3:TrackPointExtension>
        </extensions>
      </trkpt>
      <trkpt lat="31.18849240243434906005859375" lon="121.4780608378350734710693359375">
        <ele>16.6000003814697265625</ele>
        <time>2026-02-18T09:01:44.000Z</time>
        <extensions>
          <ns3:TrackPointExtension>
            <ns3:atemp>20.0</ns3:atemp>
            <ns3:hr>95</ns3:hr>
          </ns3:TrackPointExtension>
        </extensions>
      </trkpt>
      <trkpt lat="31.18841419927775859832763671875" lon="121.47785472683608531951904296875">
        <ele>16.6000003814697265625</ele>
        <time>2026-02-18T09:01:49.000Z</time>
        <extensions>
          <ns3:TrackPointExtension>
            <ns3:atemp>20.0</ns3:atemp>
            <ns3:hr>97</ns3:hr>
          </ns3:TrackPointExtension>
        </extensions>
      </trkpt>
      <trkpt lat="31.1883933283388614654541015625" lon="121.4777912758290767669677734375">
        <ele>16.6000003814697265625</ele>
        <time>2026-02-18T09:01:50.000Z</time>
        <extensions>
          <ns3:TrackPointExtension>
            <ns3:atemp>20.0</ns3:atemp>
            <ns3:hr>97</ns3:hr>
          </ns3:TrackPointExtension>
        </extensions>
      </trkpt>
      <trkpt lat="31.1883415281772613525390625" lon="121.47764333523809909820556640625">
        <ele>16.3999996185302734375</ele>
        <time>2026-02-18T09:01:53.000Z</time>
        <extensions>
          <ns3:TrackPointExtension>
            <ns3:atemp>20.0</ns3:atemp>
            <ns3:hr>97</ns3:hr>
          </ns3:TrackPointExtension>
        </extensions>
      </trkpt>
      <trkpt lat="31.18828528560698032379150390625" lon="121.47750168107450008392333984375">
        <ele>16.200000762939453125</ele>
        <time>2026-02-18T09:01:56.000Z</time>
        <extensions>
          <ns3:TrackPointExtension>
            <ns3:atemp>20.0</ns3:atemp>
            <ns3:hr>97</ns3:hr>
          </ns3:TrackPointExtension>
        </extensions>
      </trkpt>
      <trkpt lat="31.18824019096791744232177734375" lon="121.47740026004612445831298828125">
        <ele>16.200000762939453125</ele>
        <time>2026-02-18T09:01:58.000Z</time>
        <extensions>
          <ns3:TrackPointExtension>
            <ns3:atemp>20.0</ns3:atemp>
            <ns3:hr>97</ns3:hr>
          </ns3:TrackPointExtension>
        </extensions>
      </trkpt>
      <trkpt lat="31.18815578520298004150390625" lon="121.477198339998722076416015625">
        <ele>16.200000762939453125</ele>
        <time>2026-02-18T09:02:03.000Z</time>
        <extensions>
          <ns3:TrackPointExtension>
            <ns3:atemp>20.0</ns3:atemp>
            <ns3:hr>98</ns3:hr>
          </ns3:TrackPointExtension>
        </extensions>
      </trkpt>
      <trkpt lat="31.1880738101899623870849609375" lon="121.47689935751259326934814453125">
        <ele>16.6000003814697265625</ele>
        <time>2026-02-18T09:02:10.000Z</time>
        <extensions>
          <ns3:TrackPointExtension>
            <ns3:atemp>20.0</ns3:atemp>
            <ns3:hr>97</ns3:hr>
          </ns3:TrackPointExtension>
        </extensions>
      </trkpt>
      <trkpt lat="31.18801773525774478912353515625" lon="121.47665661759674549102783203125">
        <ele>17.3999996185302734375</ele>
        <time>2026-02-18T09:02:16.000Z</time>
        <extensions>
          <ns3:TrackPointExtension>
            <ns3:atemp>20.0</ns3:atemp>
            <ns3:hr>96</ns3:hr>
          </ns3:TrackPointExtension>
        </extensions>
      </trkpt>
      <trkpt lat="31.18797247298061847686767578125" lon="121.4764590561389923095703125">
        <ele>17.6000003814697265625</ele>
        <time>2026-02-18T09:02:21.000Z</time>
        <extensions>
          <ns3:TrackPointExtension>
            <ns3:atemp>20.0</ns3:atemp>
            <ns3:hr>94</ns3:hr>
          </ns3:TrackPointExtension>
        </extensions>
      </trkpt>
      <trkpt lat="31.18795436806976795196533203125" lon="121.47635319270193576812744140625">
        <ele>18.200000762939453125</ele>
        <time>2026-02-18T09:02:24.000Z</time>
        <extensions>
          <ns3:TrackPointExtension>
            <ns3:atemp>20.0</ns3:atemp>
            <ns3:hr>94</ns3:hr>
          </ns3:TrackPointExtension>
        </extensions>
      </trkpt>
      <trkpt lat="31.1879484169185161590576171875" lon="121.4762406237423419952392578125">
        <ele>18.6000003814697265625</ele>
        <time>2026-02-18T09:02:27.000Z</time>
        <extensions>
          <ns3:TrackPointExtension>
            <ns3:atemp>20.0</ns3:atemp>
            <ns3:hr>97</ns3:hr>
          </ns3:TrackPointExtension>
        </extensions>
      </trkpt>
      <trkpt lat="31.18793542496860027313232421875" lon="121.476159654557704925537109375">
        <ele>19</ele>
        <time>2026-02-18T09:02:29.000Z</time>
        <extensions>
          <ns3:TrackPointExtension>
            <ns3:atemp>20.0</ns3:atemp>
            <ns3:hr>100</ns3:hr>
          </ns3:TrackPointExtension>
        </extensions>
      </trkpt>
      <trkpt lat="31.1879152245819568634033203125" lon="121.47607147693634033203125">
        <ele>19.3999996185302734375</ele>
        <time>2026-02-18T09:02:31.000Z</time>
        <extensions>
          <ns3:TrackPointExtension>
            <ns3:atemp>20.0</ns3:atemp>
            <ns3:hr>102</ns3:hr>
          </ns3:TrackPointExtension>
        </extensions>
      </trkpt>
      <trkpt lat="31.18789569474756717681884765625" lon="121.47593694739043712615966796875">
        <ele>19.6000003814697265625</ele>
        <time>2026-02-18T09:02:34.000Z</time>
        <extensions>
          <ns3:TrackPointExtension>
            <ns3:atemp>20.0</ns3:atemp>
            <ns3:hr>104</ns3:hr>
          </ns3:TrackPointExtension>
        </extensions>
      </trkpt>
      <trkpt lat="31.18786082603037357330322265625" lon="121.47561474703252315521240234375">
        <ele>18.799999237060546875</ele>
        <time>2026-02-18T09:02:40.000Z</time>
        <extensions>
          <ns3:TrackPointExtension>
            <ns3:atemp>20.0</ns3:atemp>
            <ns3:hr>106</ns3:hr>
          </ns3:TrackPointExtension>
        </extensions>
      </trkpt>
      <trkpt lat="31.18785244412720203399658203125" lon="121.4755576662719249725341796875">
        <ele>18.799999237060546875</ele>
        <time>2026-02-18T09:02:41.000Z</time>
        <extensions>
          <ns3:TrackPointExtension>
            <ns3:atemp>20.0</ns3:atemp>
            <ns3:hr>107</ns3:hr>
          </ns3:TrackPointExtension>
        </extensions>
      </trkpt>
      <trkpt lat="31.18783048354089260101318359375" lon="121.47537686862051486968994140625">
        <ele>18.3999996185302734375</ele>
        <time>2026-02-18T09:02:44.000Z</time>
        <extensions>
          <ns3:TrackPointExtension>
            <ns3:atemp>20.0</ns3:atemp>
            <ns3:hr>107</ns3:hr>
          </ns3:TrackPointExtension>
        </extensions>
      </trkpt>
      <trkpt lat="31.1878310702741146087646484375" lon="121.47531040012836456298828125">
        <ele>18.200000762939453125</ele>
        <time>2026-02-18T09:02:45.000Z</time>
        <extensions>
          <ns3:TrackPointExtension>
            <ns3:atemp>20.0</ns3:atemp>
            <ns3:hr>106</ns3:hr>
          </ns3:TrackPointExtension>
        </extensions>
      </trkpt>
      <trkpt lat="31.18783794343471527099609375" lon="121.47524393163621425628662109375">
        <ele>17.6000003814697265625</ele>
        <time>2026-02-18T09:02:46.000Z</time>
        <extensions>
          <ns3:TrackPointExtension>
            <ns3:atemp>20.0</ns3:atemp>
            <ns3:hr>109</ns3:hr>
          </ns3:TrackPointExtension>
        </extensions>
      </trkpt>
      <trkpt lat="31.18784724734723567962646484375" lon="121.47517821751534938812255859375">
        <ele>17.3999996185302734375</ele>
        <time>2026-02-18T09:02:47.000Z</time>
        <extensions>
          <ns3:TrackPointExtension>
            <ns3:atemp>20.0</ns3:atemp>
            <ns3:hr>106</ns3:hr>
          </ns3:TrackPointExtension>
        </extensions>
      </trkpt>
      <trkpt lat="31.1878575570881366729736328125" lon="121.47511434741318225860595703125">
        <ele>17.3999996185302734375</ele>
        <time>2026-02-18T09:02:48.000Z</time>
        <extensions>
          <ns3:TrackPointExtension>
            <ns3:atemp>20.0</ns3:atemp>
            <ns3:hr>107</ns3:hr>
          </ns3:TrackPointExtension>
        </extensions>
      </trkpt>
      <trkpt lat="31.18789100088179111480712890625" lon="121.4749964140355587005615234375">
        <ele>17.3999996185302734375</ele>
        <time>2026-02-18T09:02:50.000Z</time>
        <extensions>
          <ns3:TrackPointExtension>
            <ns3:atemp>20.0</ns3:atemp>
            <ns3:hr>107</ns3:hr>
          </ns3:TrackPointExtension>
        </extensions>
      </trkpt>
      <trkpt lat="31.18793140165507793426513671875" lon="121.47487596608698368072509765625">
        <ele>17.3999996185302734375</ele>
        <time>2026-02-18T09:02:52.000Z</time>
        <extensions>
          <ns3:TrackPointExtension>
            <ns3:atemp>20.0</ns3:atemp>
            <ns3:hr>107</ns3:hr>
          </ns3:TrackPointExtension>
        </extensions>
      </trkpt>
      <trkpt lat="31.18798688985407352447509765625" lon="121.4745729602873325347900390625">
        <ele>16.200000762939453125</ele>
        <time>2026-02-18T09:02:56.000Z</time>
        <extensions>
          <ns3:TrackPointExtension>
            <ns3:atemp>20.0</ns3:atemp>
            <ns3:hr>107</ns3:hr>
          </ns3:TrackPointExtension>
        </extensions>
      </trkpt>
      <trkpt lat="31.18797549046576023101806640625" lon="121.4743674360215663909912109375">
        <ele>16.200000762939453125</ele>
        <time>2026-02-18T09:02:59.000Z</time>
        <extensions>
          <ns3:TrackPointExtension>
            <ns3:atemp>20.0</ns3:atemp>
            <ns3:hr>106</ns3:hr>
          </ns3:TrackPointExtension>
        </extensions>
      </trkpt>
      <trkpt lat="31.1879527755081653594970703125" lon="121.47424648515880107879638671875">
        <ele>16.799999237060546875</ele>
        <time>2026-02-18T09:03:01.000Z</time>
        <extensions>
          <ns3:TrackPointExtension>
            <ns3:atemp>19.0</ns3:atemp>
            <ns3:hr>105</ns3:hr>
          </ns3:TrackPointExtension>
        </extensions>
      </trkpt>
      <trkpt lat="31.18793525733053684234619140625" lon="121.4741887338459491729736328125">
        <ele>17.200000762939453125</ele>
        <time>2026-02-18T09:03:02.000Z</time>
        <extensions>
          <ns3:TrackPointExtension>
            <ns3:atemp>19.0</ns3:atemp>
            <ns3:hr>107</ns3:hr>
          </ns3:TrackPointExtension>
        </extensions>
      </trkpt>
      <trkpt lat="31.18791304528713226318359375" lon="121.47413567639887332916259765625">
        <ele>17.200000762939453125</ele>
        <time>2026-02-18T09:03:03.000Z</time>
        <extensions>
          <ns3:TrackPointExtension>
            <ns3:atemp>19.0</ns3:atemp>
            <ns3:hr>104</ns3:hr>
          </ns3:TrackPointExtension>
        </extensions>
      </trkpt>
      <trkpt lat="31.1878887377679347991943359375" lon="121.47408354096114635467529296875">
        <ele>17.200000762939453125</ele>
        <time>2026-02-18T09:03:04.000Z</time>
        <extensions>
          <ns3:TrackPointExtension>
            <ns3:atemp>19.0</ns3:atemp>
            <ns3:hr>104</ns3:hr>
          </ns3:TrackPointExtension>
        </extensions>
      </trkpt>
      <trkpt lat="31.18786401115357875823974609375" lon="121.4740348421037197113037109375">
        <ele>17.200000762939453125</ele>
        <time>2026-02-18T09:03:05.000Z</time>
        <extensions>
          <ns3:TrackPointExtension>
            <ns3:atemp>19.0</ns3:atemp>
            <ns3:hr>102</ns3:hr>
          </ns3:TrackPointExtension>
        </extensions>
      </trkpt>
      <trkpt lat="31.18780734948813915252685546875" lon="121.47394339554011821746826171875">
        <ele>17.3999996185302734375</ele>
        <time>2026-02-18T09:03:07.000Z</time>
        <extensions>
          <ns3:TrackPointExtension>
            <ns3:atemp>19.0</ns3:atemp>
            <ns3:hr>103</ns3:hr>
          </ns3:TrackPointExtension>
        </extensions>
      </trkpt>
      <trkpt lat="31.1877110414206981658935546875" lon="121.47383627481758594512939453125">
        <ele>17.3999996185302734375</ele>
        <time>2026-02-18T09:03:10.000Z</time>
        <extensions>
          <ns3:TrackPointExtension>
            <ns3:atemp>19.0</ns3:atemp>
            <ns3:hr>107</ns3:hr>
          </ns3:TrackPointExtension>
        </extensions>
      </trkpt>
      <trkpt lat="31.1876709759235382080078125" lon="121.47382118739187717437744140625">
        <ele>17.3999996185302734375</ele>
        <time>2026-02-18T09:03:11.000Z</time>
        <extensions>
          <ns3:TrackPointExtension>
            <ns3:atemp>19.0</ns3:atemp>
            <ns3:hr>109</ns3:hr>
          </ns3:TrackPointExtension>
        </extensions>
      </trkpt>
      <trkpt lat="31.1876280605792999267578125" lon="121.47381247021257877349853515625">
        <ele>17.200000762939453125</ele>
        <time>2026-02-18T09:03:12.000Z</time>
        <extensions>
          <ns3:TrackPointExtension>
            <ns3:atemp>19.0</ns3:atemp>
            <ns3:hr>110</ns3:hr>
          </ns3:TrackPointExtension>
        </extensions>
      </trkpt>
      <trkpt lat="31.187530495226383209228515625" lon="121.4737666212022304534912109375">
        <ele>17.200000762939453125</ele>
        <time>2026-02-18T09:03:14.000Z</time>
        <extensions>
          <ns3:TrackPointExtension>
            <ns3:atemp>19.0</ns3:atemp>
            <ns3:hr>112</ns3:hr>
          </ns3:TrackPointExtension>
        </extensions>
      </trkpt>
      <trkpt lat="31.1874904297292232513427734375" lon="121.47371926344931125640869140625">
        <ele>16.799999237060546875</ele>
        <time>2026-02-18T09:03:15.000Z</time>
        <extensions>
          <ns3:TrackPointExtension>
            <ns3:atemp>19.0</ns3:atemp>
            <ns3:hr>113</ns3:hr>
          </ns3:TrackPointExtension>
        </extensions>
      </trkpt>
      <trkpt lat="31.1874693073332309722900390625" lon="121.473656482994556427001953125">
        <ele>16</ele>
        <time>2026-02-18T09:03:16.000Z</time>
        <extensions>
          <ns3:TrackPointExtension>
            <ns3:atemp>19.0</ns3:atemp>
            <ns3:hr>113</ns3:hr>
          </ns3:TrackPointExtension>
        </extensions>
      </trkpt>
      <trkpt lat="31.187448687851428985595703125" lon="121.47352463565766811370849609375">
        <ele>15.6000003814697265625</ele>
        <time>2026-02-18T09:03:18.000Z</time>
        <extensions>
          <ns3:TrackPointExtension>
            <ns3:atemp>19.0</ns3:atemp>
            <ns3:hr>113</ns3:hr>
          </ns3:TrackPointExtension>
        </extensions>
      </trkpt>
      <trkpt lat="31.1873962171375751495361328125" lon="121.473299078643321990966796875">
        <ele>16.6000003814697265625</ele>
        <time>2026-02-18T09:03:22.000Z</time>
        <extensions>
          <ns3:TrackPointExtension>
            <ns3:atemp>19.0</ns3:atemp>
            <ns3:hr>113</ns3:hr>
          </ns3:TrackPointExtension>
        </extensions>
      </trkpt>
      <trkpt lat="31.1873807944357395172119140625" lon="121.47324317134916782379150390625">
        <ele>16.799999237060546875</ele>
        <time>2026-02-18T09:03:23.000Z</time>
        <extensions>
          <ns3:TrackPointExtension>
            <ns3:atemp>19.0</ns3:atemp>
            <ns3:hr>114</ns3:hr>
          </ns3:TrackPointExtension>
        </extensions>
      </trkpt>
      <trkpt lat="31.18728381581604480743408203125" lon="121.47283027879893779754638671875">
        <ele>16.799999237060546875</ele>
        <time>2026-02-18T09:03:30.000Z</time>
        <extensions>
          <ns3:TrackPointExtension>
            <ns3:atemp>19.0</ns3:atemp>
            <ns3:hr>114</ns3:hr>
          </ns3:TrackPointExtension>
        </extensions>
      </trkpt>
      <trkpt lat="31.18722732178866863250732421875" lon="121.472605057060718536376953125">
        <ele>16.799999237060546875</ele>
        <time>2026-02-18T09:03:34.000Z</time>
        <extensions>
          <ns3:TrackPointExtension>
            <ns3:atemp>19.0</ns3:atemp>
            <ns3:hr>112</ns3:hr>
          </ns3:TrackPointExtension>
        </extensions>
      </trkpt>
      <trkpt lat="31.18720770813524723052978515625" lon="121.47250371985137462615966796875">
        <ele>16.799999237060546875</ele>
        <time>2026-02-18T09:03:36.000Z</time>
        <extensions>
          <ns3:TrackPointExtension>
            <ns3:atemp>19.0</ns3:atemp>
            <ns3:hr>115</ns3:hr>
          </ns3:TrackPointExtension>
        </extensions>
      </trkpt>
      <trkpt lat="31.1872098036110401153564453125" lon="121.47245359607040882110595703125">
        <ele>17</ele>
        <time>2026-02-18T09:03:37.000Z</time>
        <extensions>
          <ns3:TrackPointExtension>
            <ns3:atemp>19.0</ns3:atemp>
            <ns3:hr>114</ns3:hr>
          </ns3:TrackPointExtension>
        </extensions>
      </trkpt>
      <trkpt lat="31.18721977807581424713134765625" lon="121.4724033884704113006591796875">
        <ele>16.799999237060546875</ele>
        <time>2026-02-18T09:03:38.000Z</time>
        <extensions>
          <ns3:TrackPointExtension>
            <ns3:atemp>19.0</ns3:atemp>
            <ns3:hr>115</ns3:hr>
          </ns3:TrackPointExtension>
        </extensions>
      </trkpt>
      <trkpt lat="31.1872527189552783966064453125" lon="121.4723014645278453826904296875">
        <ele>16.799999237060546875</ele>
        <time>2026-02-18T09:03:40.000Z</time>
        <extensions>
          <ns3:TrackPointExtension>
            <ns3:atemp>19.0</ns3:atemp>
            <ns3:hr>112</ns3:hr>
          </ns3:TrackPointExtension>
        </extensions>
      </trkpt>
      <trkpt lat="31.187316589057445526123046875" lon="121.47215746343135833740234375">
        <ele>16.799999237060546875</ele>
        <time>2026-02-18T09:03:43.000Z</time>
        <extensions>
          <ns3:TrackPointExtension>
            <ns3:atemp>19.0</ns3:atemp>
            <ns3:hr>109</ns3:hr>
          </ns3:TrackPointExtension>
        </extensions>
      </trkpt>
      <trkpt lat="31.18733846582472324371337890625" lon="121.47210574708878993988037109375">
        <ele>16.799999237060546875</ele>
        <time>2026-02-18T09:03:44.000Z</time>
        <extensions>
          <ns3:TrackPointExtension>
            <ns3:atemp>19.0</ns3:atemp>
            <ns3:hr>107</ns3:hr>
          </ns3:TrackPointExtension>
        </extensions>
      </trkpt>
      <trkpt lat="31.1873710714280605316162109375" lon="121.4719970338046550750732421875">
        <ele>16.799999237060546875</ele>
        <time>2026-02-18T09:03:46.000Z</time>
        <extensions>
          <ns3:TrackPointExtension>
            <ns3:atemp>19.0</ns3:atemp>
            <ns3:hr>105</ns3:hr>
          </ns3:TrackPointExtension>
        </extensions>
      </trkpt>
      <trkpt lat="31.1873866617679595947265625" lon="121.47188764996826648712158203125">
        <ele>16.799999237060546875</ele>
        <time>2026-02-18T09:03:48.000Z</time>
        <extensions>
          <ns3:TrackPointExtension>
            <ns3:atemp>19.0</ns3:atemp>
            <ns3:hr>106</ns3:hr>
          </ns3:TrackPointExtension>
        </extensions>
      </trkpt>
      <trkpt lat="31.18737702257931232452392578125" lon="121.47183367051184177398681640625">
        <ele>16.799999237060546875</ele>
        <time>2026-02-18T09:03:49.000Z</time>
        <extensions>
          <ns3:TrackPointExtension>
            <ns3:atemp>19.0</ns3:atemp>
            <ns3:hr>107</ns3:hr>
          </ns3:TrackPointExtension>
        </extensions>
      </trkpt>
      <trkpt lat="31.1873596720397472381591796875" lon="121.47178472019731998443603515625">
        <ele>17</ele>
        <time>2026-02-18T09:03:50.000Z</time>
        <extensions>
          <ns3:TrackPointExtension>
            <ns3:atemp>19.0</ns3:atemp>
            <ns3:hr>107</ns3:hr>
          </ns3:TrackPointExtension>
        </extensions>
      </trkpt>
      <trkpt lat="31.18726923130452632904052734375" lon="121.47158682346343994140625">
        <ele>17</ele>
        <time>2026-02-18T09:03:54.000Z</time>
        <extensions>
          <ns3:TrackPointExtension>
            <ns3:atemp>19.0</ns3:atemp>
            <ns3:hr>110</ns3:hr>
          </ns3:TrackPointExtension>
        </extensions>
      </trkpt>
      <trkpt lat="31.18718138895928859710693359375" lon="121.4714916050434112548828125">
        <ele>17</ele>
        <time>2026-02-18T09:03:56.000Z</time>
        <extensions>
          <ns3:TrackPointExtension>
            <ns3:atemp>19.0</ns3:atemp>
            <ns3:hr>114</ns3:hr>
          </ns3:TrackPointExtension>
        </extensions>
      </trkpt>
      <trkpt lat="31.1870969831943511962890625" lon="121.47137853316962718963623046875">
        <ele>17</ele>
        <time>2026-02-18T09:03:58.000Z</time>
        <extensions>
          <ns3:TrackPointExtension>
            <ns3:atemp>19.0</ns3:atemp>
            <ns3:hr>115</ns3:hr>
          </ns3:TrackPointExtension>
        </extensions>
      </trkpt>
      <trkpt lat="31.18698089383542537689208984375" lon="121.47107175551354885101318359375">
        <ele>16.799999237060546875</ele>
        <time>2026-02-18T09:04:02.000Z</time>
        <extensions>
          <ns3:TrackPointExtension>
            <ns3:atemp>19.0</ns3:atemp>
            <ns3:hr>115</ns3:hr>
          </ns3:TrackPointExtension>
        </extensions>
      </trkpt>
      <trkpt lat="31.18694267235696315765380859375" lon="121.4709231443703174591064453125">
        <ele>16.799999237060546875</ele>
        <time>2026-02-18T09:04:04.000Z</time>
        <extensions>
          <ns3:TrackPointExtension>
            <ns3:atemp>19.0</ns3:atemp>
            <ns3:hr>116</ns3:hr>
          </ns3:TrackPointExtension>
        </extensions>
      </trkpt>
      <trkpt lat="31.186910234391689300537109375" lon="121.47071686573326587677001953125">
        <ele>17</ele>
        <time>2026-02-18T09:04:07.000Z</time>
        <extensions>
          <ns3:TrackPointExtension>
            <ns3:atemp>19.0</ns3:atemp>
            <ns3:hr>116</ns3:hr>
          </ns3:TrackPointExtension>
        </extensions>
      </trkpt>
      <trkpt lat="31.18690277449786663055419921875" lon="121.47065048106014728546142578125">
        <ele>17</ele>
        <time>2026-02-18T09:04:08.000Z</time>
        <extensions>
          <ns3:TrackPointExtension>
            <ns3:atemp>19.0</ns3:atemp>
            <ns3:hr>116</ns3:hr>
          </ns3:TrackPointExtension>
        </extensions>
      </trkpt>
      <trkpt lat="31.1868797242641448974609375" lon="121.47052324377000331878662109375">
        <ele>17</ele>
        <time>2026-02-18T09:04:10.000Z</time>
        <extensions>
          <ns3:TrackPointExtension>
            <ns3:atemp>19.0</ns3:atemp>
            <ns3:hr>115</ns3:hr>
          </ns3:TrackPointExtension>
        </extensions>
      </trkpt>
      <trkpt lat="31.1868614517152309417724609375" lon="121.47046909667551517486572265625">
        <ele>17</ele>
        <time>2026-02-18T09:04:11.000Z</time>
        <extensions>
          <ns3:TrackPointExtension>
            <ns3:atemp>19.0</ns3:atemp>
            <ns3:hr>115</ns3:hr>
          </ns3:TrackPointExtension>
        </extensions>
      </trkpt>
      <trkpt lat="31.1867028661072254180908203125" lon="121.470116637647151947021484375">
        <ele>17.200000762939453125</ele>
        <time>2026-02-18T09:04:18.000Z</time>
        <extensions>
          <ns3:TrackPointExtension>
            <ns3:atemp>19.0</ns3:atemp>
            <ns3:hr>113</ns3:hr>
          </ns3:TrackPointExtension>
        </extensions>
      </trkpt>
      <trkpt lat="31.186677552759647369384765625" lon="121.4700698666274547576904296875">
        <ele>17.200000762939453125</ele>
        <time>2026-02-18T09:04:19.000Z</time>
        <extensions>
          <ns3:TrackPointExtension>
            <ns3:atemp>19.0</ns3:atemp>
            <ns3:hr>113</ns3:hr>
          </ns3:TrackPointExtension>
        </extensions>
      </trkpt>
      <trkpt lat="31.18659951724112033843994140625" lon="121.47001882083714008331298828125">
        <ele>17.200000762939453125</ele>
        <time>2026-02-18T09:04:21.000Z</time>
        <extensions>
          <ns3:TrackPointExtension>
            <ns3:atemp>19.0</ns3:atemp>
            <ns3:hr>113</ns3:hr>
          </ns3:TrackPointExtension>
        </extensions>
      </trkpt>
      <trkpt lat="31.18651150725781917572021484375" lon="121.470038853585720062255859375">
        <ele>17.200000762939453125</ele>
        <time>2026-02-18T09:04:23.000Z</time>
        <extensions>
          <ns3:TrackPointExtension>
            <ns3:atemp>19.0</ns3:atemp>
            <ns3:hr>113</ns3:hr>
          </ns3:TrackPointExtension>
        </extensions>
      </trkpt>
      <trkpt lat="31.1864705197513103485107421875" lon="121.47006173618137836456298828125">
        <ele>17.200000762939453125</ele>
        <time>2026-02-18T09:04:24.000Z</time>
        <extensions>
          <ns3:TrackPointExtension>
            <ns3:atemp>19.0</ns3:atemp>
            <ns3:hr>113</ns3:hr>
          </ns3:TrackPointExtension>
        </extensions>
      </trkpt>
      <trkpt lat="31.1864292807877063751220703125" lon="121.4700805954635143280029296875">
        <ele>17.200000762939453125</ele>
        <time>2026-02-18T09:04:25.000Z</time>
        <extensions>
          <ns3:TrackPointExtension>
            <ns3:atemp>19.0</ns3:atemp>
            <ns3:hr>113</ns3:hr>
          </ns3:TrackPointExtension>
        </extensions>
      </trkpt>
      <trkpt lat="31.18634521029889583587646484375" lon="121.4700816012918949127197265625">
        <ele>17.200000762939453125</ele>
        <time>2026-02-18T09:04:27.000Z</time>
        <extensions>
          <ns3:TrackPointExtension>
            <ns3:atemp>19.0</ns3:atemp>
            <ns3:hr>111</ns3:hr>
          </ns3:TrackPointExtension>
        </extensions>
      </trkpt>
      <trkpt lat="31.18630598299205303192138671875" lon="121.47005704231560230255126953125">
        <ele>17.200000762939453125</ele>
        <time>2026-02-18T09:04:28.000Z</time>
        <extensions>
          <ns3:TrackPointExtension>
            <ns3:atemp>19.0</ns3:atemp>
            <ns3:hr>111</ns3:hr>
          </ns3:TrackPointExtension>
        </extensions>
      </trkpt>
      <trkpt lat="31.18627329356968402862548828125" lon="121.4700190722942352294921875">
        <ele>17.200000762939453125</ele>
        <time>2026-02-18T09:04:29.000Z</time>
        <extensions>
          <ns3:TrackPointExtension>
            <ns3:atemp>19.0</ns3:atemp>
            <ns3:hr>110</ns3:hr>
          </ns3:TrackPointExtension>
        </extensions>
      </trkpt>
      <trkpt lat="31.18619785644114017486572265625" lon="121.4698988758027553558349609375">
        <ele>17</ele>
        <time>2026-02-18T09:04:32.000Z</time>
        <extensions>
          <ns3:TrackPointExtension>
            <ns3:atemp>19.0</ns3:atemp>
            <ns3:hr>111</ns3:hr>
          </ns3:TrackPointExtension>
        </extensions>
      </trkpt>
      <trkpt lat="31.1860333196818828582763671875" lon="121.46967214532196521759033203125">
        <ele>17</ele>
        <time>2026-02-18T09:04:37.000Z</time>
        <extensions>
          <ns3:TrackPointExtension>
            <ns3:atemp>19.0</ns3:atemp>
            <ns3:hr>113</ns3:hr>
          </ns3:TrackPointExtension>
        </extensions>
      </trkpt>
      <trkpt lat="31.18599752895534038543701171875" lon="121.46957005374133586883544921875">
        <ele>17</ele>
        <time>2026-02-18T09:04:39.000Z</time>
        <extensions>
          <ns3:TrackPointExtension>
            <ns3:atemp>19.0</ns3:atemp>
            <ns3:hr>113</ns3:hr>
          </ns3:TrackPointExtension>
        </extensions>
      </trkpt>
      <trkpt lat="31.18596517480909824371337890625" lon="121.46946963854134082794189453125">
        <ele>17</ele>
        <time>2026-02-18T09:04:41.000Z</time>
        <extensions>
          <ns3:TrackPointExtension>
            <ns3:atemp>19.0</ns3:atemp>
            <ns3:hr>112</ns3:hr>
          </ns3:TrackPointExtension>
        </extensions>
      </trkpt>
      <trkpt lat="31.18589376099407672882080078125" lon="121.46930694580078125">
        <ele>17.200000762939453125</ele>
        <time>2026-02-18T09:04:45.000Z</time>
        <extensions>
          <ns3:TrackPointExtension>
            <ns3:atemp>19.0</ns3:atemp>
            <ns3:hr>112</ns3:hr>
          </ns3:TrackPointExtension>
        </extensions>
      </trkpt>
      <trkpt lat="31.18575881235301494598388671875" lon="121.46906160749495029449462890625">
        <ele>17.200000762939453125</ele>
        <time>2026-02-18T09:04:52.000Z</time>
        <extensions>
          <ns3:TrackPointExtension>
            <ns3:atemp>19.0</ns3:atemp>
            <ns3:hr>112</ns3:hr>
          </ns3:TrackPointExtension>
        </extensions>
      </trkpt>
      <trkpt lat="31.1856598220765590667724609375" lon="121.46890788339078426361083984375">
        <ele>17.200000762939453125</ele>
        <time>2026-02-18T09:04:57.000Z</time>
        <extensions>
          <ns3:TrackPointExtension>
            <ns3:atemp>19.0</ns3:atemp>
            <ns3:hr>109</ns3:hr>
          </ns3:TrackPointExtension>
        </extensions>
      </trkpt>
      <trkpt lat="31.185599975287914276123046875" lon="121.46879858337342739105224609375">
        <ele>17.200000762939453125</ele>
        <time>2026-02-18T09:05:00.000Z</time>
        <extensions>
          <ns3:TrackPointExtension>
            <ns3:atemp>19.0</ns3:atemp>
            <ns3:hr>109</ns3:hr>
          </ns3:TrackPointExtension>
        </extensions>
      </trkpt>
      <trkpt lat="31.18542395532131195068359375" lon="121.46847588010132312774658203125">
        <ele>17.200000762939453125</ele>
        <time>2026-02-18T09:05:08.000Z</time>
        <extensions>
          <ns3:TrackPointExtension>
            <ns3:atemp>19.0</ns3:atemp>
            <ns3:hr>111</ns3:hr>
          </ns3:TrackPointExtension>
        </extensions>
      </trkpt>
      <trkpt lat="31.1852323450148105621337890625" lon="121.46815753541886806488037109375">
        <ele>17.200000762939453125</ele>
        <time>2026-02-18T09:05:16.000Z</time>
        <extensions>
          <ns3:TrackPointExtension>
            <ns3:atemp>19.0</ns3:atemp>
            <ns3:hr>111</ns3:hr>
          </ns3:TrackPointExtension>
        </extensions>
      </trkpt>
      <trkpt lat="31.18498650379478931427001953125" lon="121.46781228482723236083984375">
        <ele>17.3999996185302734375</ele>
        <time>2026-02-18T09:05:25.000Z</time>
        <extensions>
          <ns3:TrackPointExtension>
            <ns3:atemp>19.0</ns3:atemp>
            <ns3:hr>110</ns3:hr>
          </ns3:TrackPointExtension>
        </extensions>
      </trkpt>
      <trkpt lat="31.184740327298641204833984375" lon="121.4674982987344264984130859375">
        <ele>17.3999996185302734375</ele>
        <time>2026-02-18T09:05:33.000Z</time>
        <extensions>
          <ns3:TrackPointExtension>
            <ns3:atemp>19.0</ns3:atemp>
            <ns3:hr>109</ns3:hr>
          </ns3:TrackPointExtension>
        </extensions>
      </trkpt>
      <trkpt lat="31.18461350910365581512451171875" lon="121.4673417247831821441650390625">
        <ele>17.3999996185302734375</ele>
        <time>2026-02-18T09:05:37.000Z</time>
        <extensions>
          <ns3:TrackPointExtension>
            <ns3:atemp>19.0</ns3:atemp>
            <ns3:hr>109</ns3:hr>
          </ns3:TrackPointExtension>
        </extensions>
      </trkpt>
      <trkpt lat="31.18452751077711582183837890625" lon="121.46729202009737491607666015625">
        <ele>17.3999996185302734375</ele>
        <time>2026-02-18T09:05:39.000Z</time>
        <extensions>
          <ns3:TrackPointExtension>
            <ns3:atemp>19.0</ns3:atemp>
            <ns3:hr>110</ns3:hr>
          </ns3:TrackPointExtension>
        </extensions>
      </trkpt>
      <trkpt lat="31.18444226682186126708984375" lon="121.467239297926425933837890625">
        <ele>17.3999996185302734375</ele>
        <time>2026-02-18T09:05:41.000Z</time>
        <extensions>
          <ns3:TrackPointExtension>
            <ns3:atemp>19.0</ns3:atemp>
            <ns3:hr>109</ns3:hr>
          </ns3:TrackPointExtension>
        </extensions>
      </trkpt>
      <trkpt lat="31.1843277700245380401611328125" lon="121.46712739951908588409423828125">
        <ele>17.3999996185302734375</ele>
        <time>2026-02-18T09:05:44.000Z</time>
        <extensions>
          <ns3:TrackPointExtension>
            <ns3:atemp>19.0</ns3:atemp>
            <ns3:hr>111</ns3:hr>
          </ns3:TrackPointExtension>
        </extensions>
      </trkpt>
      <trkpt lat="31.1842275224626064300537109375" lon="121.4670041017234325408935546875">
        <ele>17.3999996185302734375</ele>
        <time>2026-02-18T09:05:47.000Z</time>
        <extensions>
          <ns3:TrackPointExtension>
            <ns3:atemp>19.0</ns3:atemp>
            <ns3:hr>111</ns3:hr>
          </ns3:TrackPointExtension>
        </extensions>
      </trkpt>
      <trkpt lat="31.18409433402121067047119140625" lon="121.4668487012386322021484375">
        <ele>17.6000003814697265625</ele>
        <time>2026-02-18T09:05:51.000Z</time>
        <extensions>
          <ns3:TrackPointExtension>
            <ns3:atemp>19.0</ns3:atemp>
            <ns3:hr>114</ns3:hr>
          </ns3:TrackPointExtension>
        </extensions>
      </trkpt>
      <trkpt lat="31.18405745364725589752197265625" lon="121.4668106473982334136962890625">
        <ele>17.6000003814697265625</ele>
        <time>2026-02-18T09:05:52.000Z</time>
        <extensions>
          <ns3:TrackPointExtension>
            <ns3:atemp>19.0</ns3:atemp>
            <ns3:hr>114</ns3:hr>
          </ns3:TrackPointExtension>
        </extensions>
      </trkpt>
      <trkpt lat="31.1838246881961822509765625" lon="121.46656815893948078155517578125">
        <ele>17.6000003814697265625</ele>
        <time>2026-02-18T09:05:59.000Z</time>
        <extensions>
          <ns3:TrackPointExtension>
            <ns3:atemp>19.0</ns3:atemp>
            <ns3:hr>117</ns3:hr>
          </ns3:TrackPointExtension>
        </extensions>
      </trkpt>
      <trkpt lat="31.18379426188766956329345703125" lon="121.4665387384593486785888671875">
        <ele>17.6000003814697265625</ele>
        <time>2026-02-18T09:06:00.000Z</time>
        <extensions>
          <ns3:TrackPointExtension>
            <ns3:atemp>19.0</ns3:atemp>
            <ns3:hr>116</ns3:hr>
          </ns3:TrackPointExtension>
        </extensions>
      </trkpt>
      <trkpt lat="31.1835014820098876953125" lon="121.466265656054019927978515625">
        <ele>17.3999996185302734375</ele>
        <time>2026-02-18T09:06:09.000Z</time>
        <extensions>
          <ns3:TrackPointExtension>
            <ns3:atemp>19.0</ns3:atemp>
            <ns3:hr>115</ns3:hr>
          </ns3:TrackPointExtension>
        </extensions>
      </trkpt>
      <trkpt lat="31.18316427804529666900634765625" lon="121.46599031053483486175537109375">
        <ele>17.6000003814697265625</ele>
        <time>2026-02-18T09:06:18.000Z</time>
        <extensions>
          <ns3:TrackPointExtension>
            <ns3:atemp>19.0</ns3:atemp>
            <ns3:hr>115</ns3:hr>
          </ns3:TrackPointExtension>
        </extensions>
      </trkpt>
      <trkpt lat="31.1828347854316234588623046875" lon="121.46575905382633209228515625">
        <ele>17.6000003814697265625</ele>
        <time>2026-02-18T09:06:26.000Z</time>
        <extensions>
          <ns3:TrackPointExtension>
            <ns3:atemp>19.0</ns3:atemp>
            <ns3:hr>117</ns3:hr>
          </ns3:TrackPointExtension>
        </extensions>
      </trkpt>
      <trkpt lat="31.18249473161995410919189453125" lon="121.4655288867652416229248046875">
        <ele>17.6000003814697265625</ele>
        <time>2026-02-18T09:06:35.000Z</time>
        <extensions>
          <ns3:TrackPointExtension>
            <ns3:atemp>19.0</ns3:atemp>
            <ns3:hr>117</ns3:hr>
          </ns3:TrackPointExtension>
        </extensions>
      </trkpt>
      <trkpt lat="31.18236917071044445037841796875" lon="121.46542134694755077362060546875">
        <ele>17.799999237060546875</ele>
        <time>2026-02-18T09:06:40.000Z</time>
        <extensions>
          <ns3:TrackPointExtension>
            <ns3:atemp>19.0</ns3:atemp>
            <ns3:hr>117</ns3:hr>
          </ns3:TrackPointExtension>
        </extensions>
      </trkpt>
      <trkpt lat="31.182095669209957122802734375" lon="121.46532529033720493316650390625">
        <ele>17.799999237060546875</ele>
        <time>2026-02-18T09:06:47.000Z</time>
        <extensions>
          <ns3:TrackPointExtension>
            <ns3:atemp>19.0</ns3:atemp>
            <ns3:hr>115</ns3:hr>
          </ns3:TrackPointExtension>
        </extensions>
      </trkpt>
      <trkpt lat="31.181846894323825836181640625" lon="121.46521381102502346038818359375">
        <ele>17.6000003814697265625</ele>
        <time>2026-02-18T09:06:53.000Z</time>
        <extensions>
          <ns3:TrackPointExtension>
            <ns3:atemp>19.0</ns3:atemp>
            <ns3:hr>116</ns3:hr>
          </ns3:TrackPointExtension>
        </extensions>
      </trkpt>
      <trkpt lat="31.181767769157886505126953125" lon="121.46516704000532627105712890625">
        <ele>17.6000003814697265625</ele>
        <time>2026-02-18T09:06:55.000Z</time>
        <extensions>
          <ns3:TrackPointExtension>
            <ns3:atemp>19.0</ns3:atemp>
            <ns3:hr>113</ns3:hr>
          </ns3:TrackPointExtension>
        </extensions>
      </trkpt>
      <trkpt lat="31.1817216686904430389404296875" lon="121.4650819636881351470947265625">
        <ele>17.6000003814697265625</ele>
        <time>2026-02-18T09:06:57.000Z</time>
        <extensions>
          <ns3:TrackPointExtension>
            <ns3:atemp>19.0</ns3:atemp>
            <ns3:hr>111</ns3:hr>
          </ns3:TrackPointExtension>
        </extensions>
      </trkpt>
      <trkpt lat="31.1816978640854358673095703125" lon="121.464927233755588531494140625">
        <ele>17.799999237060546875</ele>
        <time>2026-02-18T09:07:00.000Z</time>
        <extensions>
          <ns3:TrackPointExtension>
            <ns3:atemp>19.0</ns3:atemp>
            <ns3:hr>111</ns3:hr>
          </ns3:TrackPointExtension>
        </extensions>
      </trkpt>
      <trkpt lat="31.18169710971415042877197265625" lon="121.46483427844941616058349609375">
        <ele>17.799999237060546875</ele>
        <time>2026-02-18T09:07:02.000Z</time>
        <extensions>
          <ns3:TrackPointExtension>
            <ns3:atemp>19.0</ns3:atemp>
            <ns3:hr>111</ns3:hr>
          </ns3:TrackPointExtension>
        </extensions>
      </trkpt>
      <trkpt lat="31.18168856017291545867919921875" lon="121.46467669866979122161865234375">
        <ele>18</ele>
        <time>2026-02-18T09:07:05.000Z</time>
        <extensions>
          <ns3:TrackPointExtension>
            <ns3:atemp>19.0</ns3:atemp>
            <ns3:hr>111</ns3:hr>
          </ns3:TrackPointExtension>
        </extensions>
      </trkpt>
      <trkpt lat="31.18164472281932830810546875" lon="121.4645693264901638031005859375">
        <ele>17.799999237060546875</ele>
        <time>2026-02-18T09:07:07.000Z</time>
        <extensions>
          <ns3:TrackPointExtension>
            <ns3:atemp>19.0</ns3:atemp>
            <ns3:hr>113</ns3:hr>
          </ns3:TrackPointExtension>
        </extensions>
      </trkpt>
      <trkpt lat="31.1816163919866085052490234375" lon="121.46452389657497406005859375">
        <ele>17.799999237060546875</ele>
        <time>2026-02-18T09:07:08.000Z</time>
        <extensions>
          <ns3:TrackPointExtension>
            <ns3:atemp>19.0</ns3:atemp>
            <ns3:hr>114</ns3:hr>
          </ns3:TrackPointExtension>
        </extensions>
      </trkpt>
      <trkpt lat="31.18153617717325687408447265625" lon="121.464386098086833953857421875">
        <ele>17.799999237060546875</ele>
        <time>2026-02-18T09:07:11.000Z</time>
        <extensions>
          <ns3:TrackPointExtension>
            <ns3:atemp>19.0</ns3:atemp>
            <ns3:hr>116</ns3:hr>
          </ns3:TrackPointExtension>
        </extensions>
      </trkpt>
      <trkpt lat="31.18147934786975383758544921875" lon="121.46424251608550548553466796875">
        <ele>17.799999237060546875</ele>
        <time>2026-02-18T09:07:14.000Z</time>
        <extensions>
          <ns3:TrackPointExtension>
            <ns3:atemp>19.0</ns3:atemp>
            <ns3:hr>117</ns3:hr>
          </ns3:TrackPointExtension>
        </extensions>
      </trkpt>
      <trkpt lat="31.181411035358905792236328125" lon="121.46416858769953250885009765625">
        <ele>17.799999237060546875</ele>
        <time>2026-02-18T09:07:16.000Z</time>
        <extensions>
          <ns3:TrackPointExtension>
            <ns3:atemp>19.0</ns3:atemp>
            <ns3:hr>117</ns3:hr>
          </ns3:TrackPointExtension>
        </extensions>
      </trkpt>
      <trkpt lat="31.18132419884204864501953125" lon="121.46412885747849941253662109375">
        <ele>17.6000003814697265625</ele>
        <time>2026-02-18T09:07:18.000Z</time>
        <extensions>
          <ns3:TrackPointExtension>
            <ns3:atemp>19.0</ns3:atemp>
            <ns3:hr>117</ns3:hr>
          </ns3:TrackPointExtension>
        </extensions>
      </trkpt>
      <trkpt lat="31.18115396238863468170166015625" lon="121.4640768058598041534423828125">
        <ele>17.799999237060546875</ele>
        <time>2026-02-18T09:07:22.000Z</time>
        <extensions>
          <ns3:TrackPointExtension>
            <ns3:atemp>19.0</ns3:atemp>
            <ns3:hr>116</ns3:hr>
          </ns3:TrackPointExtension>
        </extensions>
      </trkpt>
      <trkpt lat="31.18107534013688564300537109375" lon="121.4640228264033794403076171875">
        <ele>17.799999237060546875</ele>
        <time>2026-02-18T09:07:24.000Z</time>
        <extensions>
          <ns3:TrackPointExtension>
            <ns3:atemp>19.0</ns3:atemp>
            <ns3:hr>116</ns3:hr>
          </ns3:TrackPointExtension>
        </extensions>
      </trkpt>
      <trkpt lat="31.1810323409736156463623046875" lon="121.46398854441940784454345703125">
        <ele>17.799999237060546875</ele>
        <time>2026-02-18T09:07:25.000Z</time>
        <extensions>
          <ns3:TrackPointExtension>
            <ns3:atemp>19.0</ns3:atemp>
            <ns3:hr>116</ns3:hr>
          </ns3:TrackPointExtension>
        </extensions>
      </trkpt>
      <trkpt lat="31.1808771081268787384033203125" lon="121.4638826809823513031005859375">
        <ele>18</ele>
        <time>2026-02-18T09:07:29.000Z</time>
        <extensions>
          <ns3:TrackPointExtension>
            <ns3:atemp>19.0</ns3:atemp>
            <ns3:hr>115</ns3:hr>
          </ns3:TrackPointExtension>
        </extensions>
      </trkpt>
      <trkpt lat="31.18074643425643444061279296875" lon="121.46383482031524181365966796875">
        <ele>18</ele>
        <time>2026-02-18T09:07:32.000Z</time>
        <extensions>
          <ns3:TrackPointExtension>
            <ns3:atemp>19.0</ns3:atemp>
            <ns3:hr>116</ns3:hr>
          </ns3:TrackPointExtension>
        </extensions>
      </trkpt>
      <trkpt lat="31.18041551671922206878662109375" lon="121.4637968502938747406005859375">
        <ele>17.799999237060546875</ele>
        <time>2026-02-18T09:07:39.000Z</time>
        <extensions>
          <ns3:TrackPointExtension>
            <ns3:atemp>19.0</ns3:atemp>
            <ns3:hr>118</ns3:hr>
          </ns3:TrackPointExtension>
        </extensions>
      </trkpt>
      <trkpt lat="31.180275119841098785400390625" lon="121.4638105966150760650634765625">
        <ele>17.799999237060546875</ele>
        <time>2026-02-18T09:07:42.000Z</time>
        <extensions>
          <ns3:TrackPointExtension>
            <ns3:atemp>19.0</ns3:atemp>
            <ns3:hr>117</ns3:hr>
          </ns3:TrackPointExtension>
        </extensions>
      </trkpt>
      <trkpt lat="31.18019725196063518524169921875" lon="121.46378905512392520904541015625">
        <ele>18</ele>
        <time>2026-02-18T09:07:44.000Z</time>
        <extensions>
          <ns3:TrackPointExtension>
            <ns3:atemp>19.0</ns3:atemp>
            <ns3:hr>117</ns3:hr>
          </ns3:TrackPointExtension>
        </extensions>
      </trkpt>
      <trkpt lat="31.18016053922474384307861328125" lon="121.46376491524279117584228515625">
        <ele>18</ele>
        <time>2026-02-18T09:07:45.000Z</time>
        <extensions>
          <ns3:TrackPointExtension>
            <ns3:atemp>19.0</ns3:atemp>
            <ns3:hr>116</ns3:hr>
          </ns3:TrackPointExtension>
        </extensions>
      </trkpt>
      <trkpt lat="31.18007361888885498046875" lon="121.46371244452893733978271484375">
        <ele>18</ele>
        <time>2026-02-18T09:07:47.000Z</time>
        <extensions>
          <ns3:TrackPointExtension>
            <ns3:atemp>19.0</ns3:atemp>
            <ns3:hr>115</ns3:hr>
          </ns3:TrackPointExtension>
        </extensions>
      </trkpt>
      <trkpt lat="31.1798940785229206085205078125" lon="121.46366433240473270416259765625">
        <ele>17.799999237060546875</ele>
        <time>2026-02-18T09:07:51.000Z</time>
        <extensions>
          <ns3:TrackPointExtension>
            <ns3:atemp>19.0</ns3:atemp>
            <ns3:hr>117</ns3:hr>
          </ns3:TrackPointExtension>
        </extensions>
      </trkpt>
      <trkpt lat="31.1795309744775295257568359375" lon="121.46365410648286342620849609375">
        <ele>17.6000003814697265625</ele>
        <time>2026-02-18T09:07:59.000Z</time>
        <extensions>
          <ns3:TrackPointExtension>
            <ns3:atemp>19.0</ns3:atemp>
            <ns3:hr>117</ns3:hr>
          </ns3:TrackPointExtension>
        </extensions>
      </trkpt>
      <trkpt lat="31.1794582195580005645751953125" lon="121.46370305679738521575927734375">
        <ele>17.799999237060546875</ele>
        <time>2026-02-18T09:08:01.000Z</time>
        <extensions>
          <ns3:TrackPointExtension>
            <ns3:atemp>19.0</ns3:atemp>
            <ns3:hr>116</ns3:hr>
          </ns3:TrackPointExtension>
        </extensions>
      </trkpt>
      <trkpt lat="31.17940566502511501312255859375" lon="121.46377312950789928436279296875">
        <ele>17.799999237060546875</ele>
        <time>2026-02-18T09:08:03.000Z</time>
        <extensions>
          <ns3:TrackPointExtension>
            <ns3:atemp>19.0</ns3:atemp>
            <ns3:hr>116</ns3:hr>
          </ns3:TrackPointExtension>
        </extensions>
      </trkpt>
      <trkpt lat="31.17934229783713817596435546875" lon="121.463881172239780426025390625">
        <ele>18</ele>
        <time>2026-02-18T09:08:06.000Z</time>
        <extensions>
          <ns3:TrackPointExtension>
            <ns3:atemp>19.0</ns3:atemp>
            <ns3:hr>117</ns3:hr>
          </ns3:TrackPointExtension>
        </extensions>
      </trkpt>
      <trkpt lat="31.179266609251499176025390625" lon="121.4639358222484588623046875">
        <ele>18.200000762939453125</ele>
        <time>2026-02-18T09:08:08.000Z</time>
        <extensions>
          <ns3:TrackPointExtension>
            <ns3:atemp>19.0</ns3:atemp>
            <ns3:hr>117</ns3:hr>
          </ns3:TrackPointExtension>
        </extensions>
      </trkpt>
      <trkpt lat="31.17905681021511554718017578125" lon="121.4639921486377716064453125">
        <ele>18.200000762939453125</ele>
        <time>2026-02-18T09:08:13.000Z</time>
        <extensions>
          <ns3:TrackPointExtension>
            <ns3:atemp>19.0</ns3:atemp>
            <ns3:hr>116</ns3:hr>
          </ns3:TrackPointExtension>
        </extensions>
      </trkpt>
      <trkpt lat="31.1790126375854015350341796875" lon="121.4639923162758350372314453125">
        <ele>18.200000762939453125</ele>
        <time>2026-02-18T09:08:14.000Z</time>
        <extensions>
          <ns3:TrackPointExtension>
            <ns3:atemp>19.0</ns3:atemp>
            <ns3:hr>116</ns3:hr>
          </ns3:TrackPointExtension>
        </extensions>
      </trkpt>
      <trkpt lat="31.17892353795468807220458984375" lon="121.46397915668785572052001953125">
        <ele>18</ele>
        <time>2026-02-18T09:08:16.000Z</time>
        <extensions>
          <ns3:TrackPointExtension>
            <ns3:atemp>19.0</ns3:atemp>
            <ns3:hr>118</ns3:hr>
          </ns3:TrackPointExtension>
        </extensions>
      </trkpt>
      <trkpt lat="31.17878188379108905792236328125" lon="121.4639386720955371856689453125">
        <ele>18.3999996185302734375</ele>
        <time>2026-02-18T09:08:20.000Z</time>
        <extensions>
          <ns3:TrackPointExtension>
            <ns3:atemp>19.0</ns3:atemp>
            <ns3:hr>119</ns3:hr>
          </ns3:TrackPointExtension>
        </extensions>
      </trkpt>
      <trkpt lat="31.17856093682348728179931640625" lon="121.463863067328929901123046875">
        <ele>18.6000003814697265625</ele>
        <time>2026-02-18T09:08:27.000Z</time>
        <extensions>
          <ns3:TrackPointExtension>
            <ns3:atemp>19.0</ns3:atemp>
            <ns3:hr>116</ns3:hr>
          </ns3:TrackPointExtension>
        </extensions>
      </trkpt>
      <trkpt lat="31.17847024463117122650146484375" lon="121.46383046172559261322021484375">
        <ele>18.6000003814697265625</ele>
        <time>2026-02-18T09:08:29.000Z</time>
        <extensions>
          <ns3:TrackPointExtension>
            <ns3:atemp>19.0</ns3:atemp>
            <ns3:hr>117</ns3:hr>
          </ns3:TrackPointExtension>
        </extensions>
      </trkpt>
      <trkpt lat="31.17842850275337696075439453125" lon="121.46380841732025146484375">
        <ele>18.3999996185302734375</ele>
        <time>2026-02-18T09:08:30.000Z</time>
        <extensions>
          <ns3:TrackPointExtension>
            <ns3:atemp>19.0</ns3:atemp>
            <ns3:hr>117</ns3:hr>
          </ns3:TrackPointExtension>
        </extensions>
      </trkpt>
      <trkpt lat="31.17838977836072444915771484375" lon="121.46377866156399250030517578125">
        <ele>18.3999996185302734375</ele>
        <time>2026-02-18T09:08:31.000Z</time>
        <extensions>
          <ns3:TrackPointExtension>
            <ns3:atemp>19.0</ns3:atemp>
            <ns3:hr>118</ns3:hr>
          </ns3:TrackPointExtension>
        </extensions>
      </trkpt>
      <trkpt lat="31.17835231125354766845703125" lon="121.4637453854084014892578125">
        <ele>18.200000762939453125</ele>
        <time>2026-02-18T09:08:32.000Z</time>
        <extensions>
          <ns3:TrackPointExtension>
            <ns3:atemp>19.0</ns3:atemp>
            <ns3:hr>117</ns3:hr>
          </ns3:TrackPointExtension>
        </extensions>
      </trkpt>
      <trkpt lat="31.178189702332019805908203125" lon="121.4635987021028995513916015625">
        <ele>17.799999237060546875</ele>
        <time>2026-02-18T09:08:36.000Z</time>
        <extensions>
          <ns3:TrackPointExtension>
            <ns3:atemp>19.0</ns3:atemp>
            <ns3:hr>116</ns3:hr>
          </ns3:TrackPointExtension>
        </extensions>
      </trkpt>
      <trkpt lat="31.1781493015587329864501953125" lon="121.4635541103780269622802734375">
        <ele>17.6000003814697265625</ele>
        <time>2026-02-18T09:08:37.000Z</time>
        <extensions>
          <ns3:TrackPointExtension>
            <ns3:atemp>19.0</ns3:atemp>
            <ns3:hr>116</ns3:hr>
          </ns3:TrackPointExtension>
        </extensions>
      </trkpt>
      <trkpt lat="31.17794461548328399658203125" lon="121.46337054669857025146484375">
        <ele>17.3999996185302734375</ele>
        <time>2026-02-18T09:08:42.000Z</time>
        <extensions>
          <ns3:TrackPointExtension>
            <ns3:atemp>19.0</ns3:atemp>
            <ns3:hr>119</ns3:hr>
          </ns3:TrackPointExtension>
        </extensions>
      </trkpt>
      <trkpt lat="31.17782115004956722259521484375" lon="121.463274657726287841796875">
        <ele>17.200000762939453125</ele>
        <time>2026-02-18T09:08:45.000Z</time>
        <extensions>
          <ns3:TrackPointExtension>
            <ns3:atemp>19.0</ns3:atemp>
            <ns3:hr>117</ns3:hr>
          </ns3:TrackPointExtension>
        </extensions>
      </trkpt>
      <trkpt lat="31.17772341705858707427978515625" lon="121.463272310793399810791015625">
        <ele>17</ele>
        <time>2026-02-18T09:08:47.000Z</time>
        <extensions>
          <ns3:TrackPointExtension>
            <ns3:atemp>19.0</ns3:atemp>
            <ns3:hr>114</ns3:hr>
          </ns3:TrackPointExtension>
        </extensions>
      </trkpt>
      <trkpt lat="31.1776852793991565704345703125" lon="121.46327666938304901123046875">
        <ele>17</ele>
        <time>2026-02-18T09:08:48.000Z</time>
        <extensions>
          <ns3:TrackPointExtension>
            <ns3:atemp>19.0</ns3:atemp>
            <ns3:hr>113</ns3:hr>
          </ns3:TrackPointExtension>
        </extensions>
      </trkpt>
      <trkpt lat="31.1775310523808002471923828125" lon="121.4633016474545001983642578125">
        <ele>16.799999237060546875</ele>
        <time>2026-02-18T09:08:51.000Z</time>
        <extensions>
          <ns3:TrackPointExtension>
            <ns3:atemp>19.0</ns3:atemp>
            <ns3:hr>111</ns3:hr>
          </ns3:TrackPointExtension>
        </extensions>
      </trkpt>
      <trkpt lat="31.1772135458886623382568359375" lon="121.463355459272861480712890625">
        <ele>16.799999237060546875</ele>
        <time>2026-02-18T09:08:58.000Z</time>
        <extensions>
          <ns3:TrackPointExtension>
            <ns3:atemp>19.0</ns3:atemp>
            <ns3:hr>110</ns3:hr>
          </ns3:TrackPointExtension>
        </extensions>
      </trkpt>
      <trkpt lat="31.176709793508052825927734375" lon="121.463460735976696014404296875">
        <ele>16.6000003814697265625</ele>
        <time>2026-02-18T09:09:09.000Z</time>
        <extensions>
          <ns3:TrackPointExtension>
            <ns3:atemp>19.0</ns3:atemp>
            <ns3:hr>111</ns3:hr>
          </ns3:TrackPointExtension>
        </extensions>
      </trkpt>
      <trkpt lat="31.17642036639153957366943359375" lon="121.4635227620601654052734375">
        <ele>16.3999996185302734375</ele>
        <time>2026-02-18T09:09:15.000Z</time>
        <extensions>
          <ns3:TrackPointExtension>
            <ns3:atemp>19.0</ns3:atemp>
            <ns3:hr>112</ns3:hr>
          </ns3:TrackPointExtension>
        </extensions>
      </trkpt>
      <trkpt lat="31.176192462444305419921875" lon="121.463590823113918304443359375">
        <ele>16.6000003814697265625</ele>
        <time>2026-02-18T09:09:20.000Z</time>
        <extensions>
          <ns3:TrackPointExtension>
            <ns3:atemp>19.0</ns3:atemp>
            <ns3:hr>109</ns3:hr>
          </ns3:TrackPointExtension>
        </extensions>
      </trkpt>
      <trkpt lat="31.176063381135463714599609375" lon="121.46362175233662128448486328125">
        <ele>16.799999237060546875</ele>
        <time>2026-02-18T09:09:23.000Z</time>
        <extensions>
          <ns3:TrackPointExtension>
            <ns3:atemp>19.0</ns3:atemp>
            <ns3:hr>109</ns3:hr>
          </ns3:TrackPointExtension>
        </extensions>
      </trkpt>
      <trkpt lat="31.17593773640692234039306640625" lon="121.46371998824179172515869140625">
        <ele>17.200000762939453125</ele>
        <time>2026-02-18T09:09:27.000Z</time>
        <extensions>
          <ns3:TrackPointExtension>
            <ns3:atemp>19.0</ns3:atemp>
            <ns3:hr>108</ns3:hr>
          </ns3:TrackPointExtension>
        </extensions>
      </trkpt>
      <trkpt lat="31.1758144386112689971923828125" lon="121.46381956525146961212158203125">
        <ele>17.200000762939453125</ele>
        <time>2026-02-18T09:09:31.000Z</time>
        <extensions>
          <ns3:TrackPointExtension>
            <ns3:atemp>19.0</ns3:atemp>
            <ns3:hr>105</ns3:hr>
          </ns3:TrackPointExtension>
        </extensions>
      </trkpt>
      <trkpt lat="31.1757123470306396484375" lon="121.463902294635772705078125">
        <ele>17.3999996185302734375</ele>
        <time>2026-02-18T09:09:34.000Z</time>
        <extensions>
          <ns3:TrackPointExtension>
            <ns3:atemp>18.0</ns3:atemp>
            <ns3:hr>106</ns3:hr>
          </ns3:TrackPointExtension>
        </extensions>
      </trkpt>
      <trkpt lat="31.17546868510544300079345703125" lon="121.4640992693603038787841796875">
        <ele>17.3999996185302734375</ele>
        <time>2026-02-18T09:09:42.000Z</time>
        <extensions>
          <ns3:TrackPointExtension>
            <ns3:atemp>18.0</ns3:atemp>
            <ns3:hr>106</ns3:hr>
          </ns3:TrackPointExtension>
        </extensions>
      </trkpt>
      <trkpt lat="31.1751370131969451904296875" lon="121.46438618190586566925048828125">
        <ele>17.3999996185302734375</ele>
        <time>2026-02-18T09:09:52.000Z</time>
        <extensions>
          <ns3:TrackPointExtension>
            <ns3:atemp>19.0</ns3:atemp>
            <ns3:hr>107</ns3:hr>
          </ns3:TrackPointExtension>
        </extensions>
      </trkpt>
      <trkpt lat="31.1750553734600543975830078125" lon="121.46444871090352535247802734375">
        <ele>17.200000762939453125</ele>
        <time>2026-02-18T09:09:54.000Z</time>
        <extensions>
          <ns3:TrackPointExtension>
            <ns3:atemp>18.0</ns3:atemp>
            <ns3:hr>110</ns3:hr>
          </ns3:TrackPointExtension>
        </extensions>
      </trkpt>
      <trkpt lat="31.17490408010780811309814453125" lon="121.464559771120548248291015625">
        <ele>17</ele>
        <time>2026-02-18T09:09:58.000Z</time>
        <extensions>
          <ns3:TrackPointExtension>
            <ns3:atemp>18.0</ns3:atemp>
            <ns3:hr>113</ns3:hr>
          </ns3:TrackPointExtension>
        </extensions>
      </trkpt>
      <trkpt lat="31.17474415339529514312744140625" lon="121.46467099897563457489013671875">
        <ele>16.6000003814697265625</ele>
        <time>2026-02-18T09:10:02.000Z</time>
        <extensions>
          <ns3:TrackPointExtension>
            <ns3:atemp>18.0</ns3:atemp>
            <ns3:hr>112</ns3:hr>
          </ns3:TrackPointExtension>
        </extensions>
      </trkpt>
      <trkpt lat="31.17443888448178768157958984375" lon="121.464896388351917266845703125">
        <ele>16.3999996185302734375</ele>
        <time>2026-02-18T09:10:10.000Z</time>
        <extensions>
          <ns3:TrackPointExtension>
            <ns3:atemp>19.0</ns3:atemp>
            <ns3:hr>111</ns3:hr>
          </ns3:TrackPointExtension>
        </extensions>
      </trkpt>
      <trkpt lat="31.17420561611652374267578125" lon="121.46505002863705158233642578125">
        <ele>16.200000762939453125</ele>
        <time>2026-02-18T09:10:16.000Z</time>
        <extensions>
          <ns3:TrackPointExtension>
            <ns3:atemp>19.0</ns3:atemp>
            <ns3:hr>109</ns3:hr>
          </ns3:TrackPointExtension>
        </extensions>
      </trkpt>
      <trkpt lat="31.1741159297525882720947265625" lon="121.46510727703571319580078125">
        <ele>16.200000762939453125</ele>
        <time>2026-02-18T09:10:18.000Z</time>
        <extensions>
          <ns3:TrackPointExtension>
            <ns3:atemp>19.0</ns3:atemp>
            <ns3:hr>109</ns3:hr>
          </ns3:TrackPointExtension>
        </extensions>
      </trkpt>
      <trkpt lat="31.17377914488315582275390625" lon="121.46532118320465087890625">
        <ele>16.200000762939453125</ele>
        <time>2026-02-18T09:10:26.000Z</time>
        <extensions>
          <ns3:TrackPointExtension>
            <ns3:atemp>19.0</ns3:atemp>
            <ns3:hr>107</ns3:hr>
          </ns3:TrackPointExtension>
        </extensions>
      </trkpt>
      <trkpt lat="31.17349483072757720947265625" lon="121.46552545018494129180908203125">
        <ele>16</ele>
        <time>2026-02-18T09:10:33.000Z</time>
        <extensions>
          <ns3:TrackPointExtension>
            <ns3:atemp>19.0</ns3:atemp>
            <ns3:hr>107</ns3:hr>
          </ns3:TrackPointExtension>
        </extensions>
      </trkpt>
      <trkpt lat="31.17341880686581134796142578125" lon="121.46557423286139965057373046875">
        <ele>16</ele>
        <time>2026-02-18T09:10:35.000Z</time>
        <extensions>
          <ns3:TrackPointExtension>
            <ns3:atemp>19.0</ns3:atemp>
            <ns3:hr>107</ns3:hr>
          </ns3:TrackPointExtension>
        </extensions>
      </trkpt>
      <trkpt lat="31.17307883687317371368408203125" lon="121.4658155478537082672119140625">
        <ele>15.80000019073486328125</ele>
        <time>2026-02-18T09:10:43.000Z</time>
        <extensions>
          <ns3:TrackPointExtension>
            <ns3:atemp>19.0</ns3:atemp>
            <ns3:hr>109</ns3:hr>
          </ns3:TrackPointExtension>
        </extensions>
      </trkpt>
      <trkpt lat="31.1730370111763477325439453125" lon="121.46584362722933292388916015625">
        <ele>15.80000019073486328125</ele>
        <time>2026-02-18T09:10:44.000Z</time>
        <extensions>
          <ns3:TrackPointExtension>
            <ns3:atemp>19.0</ns3:atemp>
            <ns3:hr>109</ns3:hr>
          </ns3:TrackPointExtension>
        </extensions>
      </trkpt>
      <trkpt lat="31.1726896651089191436767578125" lon="121.466080248355865478515625">
        <ele>15.6000003814697265625</ele>
        <time>2026-02-18T09:10:52.000Z</time>
        <extensions>
          <ns3:TrackPointExtension>
            <ns3:atemp>19.0</ns3:atemp>
            <ns3:hr>110</ns3:hr>
          </ns3:TrackPointExtension>
        </extensions>
      </trkpt>
      <trkpt lat="31.1725776828825473785400390625" lon="121.466162391006946563720703125">
        <ele>15.6000003814697265625</ele>
        <time>2026-02-18T09:10:55.000Z</time>
        <extensions>
          <ns3:TrackPointExtension>
            <ns3:atemp>19.0</ns3:atemp>
            <ns3:hr>110</ns3:hr>
          </ns3:TrackPointExtension>
        </extensions>
      </trkpt>
      <trkpt lat="31.17240124382078647613525390625" lon="121.466280408203601837158203125">
        <ele>15.6000003814697265625</ele>
        <time>2026-02-18T09:10:59.000Z</time>
        <extensions>
          <ns3:TrackPointExtension>
            <ns3:atemp>19.0</ns3:atemp>
            <ns3:hr>110</ns3:hr>
          </ns3:TrackPointExtension>
        </extensions>
      </trkpt>
      <trkpt lat="31.17232329212129116058349609375" lon="121.4663149416446685791015625">
        <ele>15.6000003814697265625</ele>
        <time>2026-02-18T09:11:01.000Z</time>
        <extensions>
          <ns3:TrackPointExtension>
            <ns3:atemp>19.0</ns3:atemp>
            <ns3:hr>111</ns3:hr>
          </ns3:TrackPointExtension>
        </extensions>
      </trkpt>
      <trkpt lat="31.172139309346675872802734375" lon="121.4664083160459995269775390625">
        <ele>15</ele>
        <time>2026-02-18T09:11:05.000Z</time>
        <extensions>
          <ns3:TrackPointExtension>
            <ns3:atemp>19.0</ns3:atemp>
            <ns3:hr>112</ns3:hr>
          </ns3:TrackPointExtension>
        </extensions>
      </trkpt>
      <trkpt lat="31.171977706253528594970703125" lon="121.46649020723998546600341796875">
        <ele>14.6000003814697265625</ele>
        <time>2026-02-18T09:11:08.000Z</time>
        <extensions>
          <ns3:TrackPointExtension>
            <ns3:atemp>19.0</ns3:atemp>
            <ns3:hr>112</ns3:hr>
          </ns3:TrackPointExtension>
        </extensions>
      </trkpt>
      <trkpt lat="31.17187217809259891510009765625" lon="121.46654854528605937957763671875">
        <ele>14.3999996185302734375</ele>
        <time>2026-02-18T09:11:10.000Z</time>
        <extensions>
          <ns3:TrackPointExtension>
            <ns3:atemp>19.0</ns3:atemp>
            <ns3:hr>112</ns3:hr>
          </ns3:TrackPointExtension>
        </extensions>
      </trkpt>
      <trkpt lat="31.17160110734403133392333984375" lon="121.4667097292840480804443359375">
        <ele>14.19999980926513671875</ele>
        <time>2026-02-18T09:11:15.000Z</time>
        <extensions>
          <ns3:TrackPointExtension>
            <ns3:atemp>19.0</ns3:atemp>
            <ns3:hr>115</ns3:hr>
          </ns3:TrackPointExtension>
        </extensions>
      </trkpt>
      <trkpt lat="31.1714484728872776031494140625" lon="121.466788351535797119140625">
        <ele>14.6000003814697265625</ele>
        <time>2026-02-18T09:11:18.000Z</time>
        <extensions>
          <ns3:TrackPointExtension>
            <ns3:atemp>18.0</ns3:atemp>
            <ns3:hr>118</ns3:hr>
          </ns3:TrackPointExtension>
        </extensions>
      </trkpt>
      <trkpt lat="31.17129365913569927215576171875" lon="121.46686621941626071929931640625">
        <ele>14.80000019073486328125</ele>
        <time>2026-02-18T09:11:21.000Z</time>
        <extensions>
          <ns3:TrackPointExtension>
            <ns3:atemp>18.0</ns3:atemp>
            <ns3:hr>122</ns3:hr>
          </ns3:TrackPointExtension>
        </extensions>
      </trkpt>
      <trkpt lat="31.17113205604255199432373046875" lon="121.466943584382534027099609375">
        <ele>14.80000019073486328125</ele>
        <time>2026-02-18T09:11:24.000Z</time>
        <extensions>
          <ns3:TrackPointExtension>
            <ns3:atemp>18.0</ns3:atemp>
            <ns3:hr>126</ns3:hr>
          </ns3:TrackPointExtension>
        </extensions>
      </trkpt>
      <trkpt lat="31.1710672639310359954833984375" lon="121.4669705741107463836669921875">
        <ele>14.80000019073486328125</ele>
        <time>2026-02-18T09:11:25.000Z</time>
        <extensions>
          <ns3:TrackPointExtension>
            <ns3:atemp>18.0</ns3:atemp>
            <ns3:hr>126</ns3:hr>
          </ns3:TrackPointExtension>
        </extensions>
      </trkpt>
      <trkpt lat="31.170968525111675262451171875" lon="121.46701239980757236480712890625">
        <ele>14.80000019073486328125</ele>
        <time>2026-02-18T09:11:27.000Z</time>
        <extensions>
          <ns3:TrackPointExtension>
            <ns3:atemp>18.0</ns3:atemp>
            <ns3:hr>127</ns3:hr>
          </ns3:TrackPointExtension>
        </extensions>
      </trkpt>
      <trkpt lat="31.170739866793155670166015625" lon="121.46710962988436222076416015625">
        <ele>14.6000003814697265625</ele>
        <time>2026-02-18T09:11:31.000Z</time>
        <extensions>
          <ns3:TrackPointExtension>
            <ns3:atemp>18.0</ns3:atemp>
            <ns3:hr>127</ns3:hr>
          </ns3:TrackPointExtension>
        </extensions>
      </trkpt>
      <trkpt lat="31.170654036104679107666015625" lon="121.46714231930673122406005859375">
        <ele>14.6000003814697265625</ele>
        <time>2026-02-18T09:11:33.000Z</time>
        <extensions>
          <ns3:TrackPointExtension>
            <ns3:atemp>18.0</ns3:atemp>
            <ns3:hr>128</ns3:hr>
          </ns3:TrackPointExtension>
        </extensions>
      </trkpt>
      <trkpt lat="31.17029923014342784881591796875" lon="121.46723452024161815643310546875">
        <ele>14.80000019073486328125</ele>
        <time>2026-02-18T09:11:40.000Z</time>
        <extensions>
          <ns3:TrackPointExtension>
            <ns3:atemp>18.0</ns3:atemp>
            <ns3:hr>125</ns3:hr>
          </ns3:TrackPointExtension>
        </extensions>
      </trkpt>
      <trkpt lat="31.170244999229907989501953125" lon="121.4672223664820194244384765625">
        <ele>14.80000019073486328125</ele>
        <time>2026-02-18T09:11:41.000Z</time>
        <extensions>
          <ns3:TrackPointExtension>
            <ns3:atemp>18.0</ns3:atemp>
            <ns3:hr>125</ns3:hr>
          </ns3:TrackPointExtension>
        </extensions>
      </trkpt>
      <trkpt lat="31.17018766701221466064453125" lon="121.46715581417083740234375">
        <ele>14.80000019073486328125</ele>
        <time>2026-02-18T09:11:43.000Z</time>
        <extensions>
          <ns3:TrackPointExtension>
            <ns3:atemp>18.0</ns3:atemp>
            <ns3:hr>124</ns3:hr>
          </ns3:TrackPointExtension>
        </extensions>
      </trkpt>
      <trkpt lat="31.17014802061021327972412109375" lon="121.46710527129471302032470703125">
        <ele>14.80000019073486328125</ele>
        <time>2026-02-18T09:11:44.000Z</time>
        <extensions>
          <ns3:TrackPointExtension>
            <ns3:atemp>18.0</ns3:atemp>
            <ns3:hr>124</ns3:hr>
          </ns3:TrackPointExtension>
        </extensions>
      </trkpt>
      <trkpt lat="31.1700212024152278900146484375" lon="121.46694056689739227294921875">
        <ele>14.80000019073486328125</ele>
        <time>2026-02-18T09:11:48.000Z</time>
        <extensions>
          <ns3:TrackPointExtension>
            <ns3:atemp>18.0</ns3:atemp>
            <ns3:hr>123</ns3:hr>
          </ns3:TrackPointExtension>
        </extensions>
      </trkpt>
      <trkpt lat="31.1700032651424407958984375" lon="121.46690159104764461517333984375">
        <ele>15</ele>
        <time>2026-02-18T09:11:49.000Z</time>
        <extensions>
          <ns3:TrackPointExtension>
            <ns3:atemp>18.0</ns3:atemp>
            <ns3:hr>123</ns3:hr>
          </ns3:TrackPointExtension>
        </extensions>
      </trkpt>
      <trkpt lat="31.1699752695858478546142578125" lon="121.46684057079255580902099609375">
        <ele>15.3999996185302734375</ele>
        <time>2026-02-18T09:11:50.000Z</time>
        <extensions>
          <ns3:TrackPointExtension>
            <ns3:atemp>18.0</ns3:atemp>
            <ns3:hr>123</ns3:hr>
          </ns3:TrackPointExtension>
        </extensions>
      </trkpt>
      <trkpt lat="31.16995674557983875274658203125" lon="121.46678558550775051116943359375">
        <ele>15.3999996185302734375</ele>
        <time>2026-02-18T09:11:51.000Z</time>
        <extensions>
          <ns3:TrackPointExtension>
            <ns3:atemp>18.0</ns3:atemp>
            <ns3:hr>123</ns3:hr>
          </ns3:TrackPointExtension>
        </extensions>
      </trkpt>
      <trkpt lat="31.16986177861690521240234375" lon="121.46653044037520885467529296875">
        <ele>15.19999980926513671875</ele>
        <time>2026-02-18T09:11:56.000Z</time>
        <extensions>
          <ns3:TrackPointExtension>
            <ns3:atemp>18.0</ns3:atemp>
            <ns3:hr>121</ns3:hr>
          </ns3:TrackPointExtension>
        </extensions>
      </trkpt>
      <trkpt lat="31.169691793620586395263671875" lon="121.4662477187812328338623046875">
        <ele>15.19999980926513671875</ele>
        <time>2026-02-18T09:12:03.000Z</time>
        <extensions>
          <ns3:TrackPointExtension>
            <ns3:atemp>18.0</ns3:atemp>
            <ns3:hr>120</ns3:hr>
          </ns3:TrackPointExtension>
        </extensions>
      </trkpt>
      <trkpt lat="31.16966488771140575408935546875" lon="121.4662262611091136932373046875">
        <ele>15.19999980926513671875</ele>
        <time>2026-02-18T09:12:04.000Z</time>
        <extensions>
          <ns3:TrackPointExtension>
            <ns3:atemp>18.0</ns3:atemp>
            <ns3:hr>120</ns3:hr>
          </ns3:TrackPointExtension>
        </extensions>
      </trkpt>
      <trkpt lat="31.16957738064229488372802734375" lon="121.4662205614149570465087890625">
        <ele>14.80000019073486328125</ele>
        <time>2026-02-18T09:12:06.000Z</time>
        <extensions>
          <ns3:TrackPointExtension>
            <ns3:atemp>18.0</ns3:atemp>
            <ns3:hr>120</ns3:hr>
          </ns3:TrackPointExtension>
        </extensions>
      </trkpt>
      <trkpt lat="31.16939934901893138885498046875" lon="121.46627663634717464447021484375">
        <ele>14.6000003814697265625</ele>
        <time>2026-02-18T09:12:10.000Z</time>
        <extensions>
          <ns3:TrackPointExtension>
            <ns3:atemp>18.0</ns3:atemp>
            <ns3:hr>123</ns3:hr>
          </ns3:TrackPointExtension>
        </extensions>
      </trkpt>
      <trkpt lat="31.16930765099823474884033203125" lon="121.4663023687899112701416015625">
        <ele>15</ele>
        <time>2026-02-18T09:12:12.000Z</time>
        <extensions>
          <ns3:TrackPointExtension>
            <ns3:atemp>18.0</ns3:atemp>
            <ns3:hr>124</ns3:hr>
          </ns3:TrackPointExtension>
        </extensions>
      </trkpt>
      <trkpt lat="31.168989054858684539794921875" lon="121.46639339625835418701171875">
        <ele>15.19999980926513671875</ele>
        <time>2026-02-18T09:12:19.000Z</time>
        <extensions>
          <ns3:TrackPointExtension>
            <ns3:atemp>18.0</ns3:atemp>
            <ns3:hr>121</ns3:hr>
          </ns3:TrackPointExtension>
        </extensions>
      </trkpt>
      <trkpt lat="31.16889961995184421539306640625" lon="121.466414518654346466064453125">
        <ele>15</ele>
        <time>2026-02-18T09:12:21.000Z</time>
        <extensions>
          <ns3:TrackPointExtension>
            <ns3:atemp>18.0</ns3:atemp>
            <ns3:hr>118</ns3:hr>
          </ns3:TrackPointExtension>
        </extensions>
      </trkpt>
      <trkpt lat="31.16876701824367046356201171875" lon="121.4664562605321407318115234375">
        <ele>15</ele>
        <time>2026-02-18T09:12:24.000Z</time>
        <extensions>
          <ns3:TrackPointExtension>
            <ns3:atemp>18.0</ns3:atemp>
            <ns3:hr>117</ns3:hr>
          </ns3:TrackPointExtension>
        </extensions>
      </trkpt>
      <trkpt lat="31.1686894856393337249755859375" lon="121.46651702933013439178466796875">
        <ele>15</ele>
        <time>2026-02-18T09:12:26.000Z</time>
        <extensions>
          <ns3:TrackPointExtension>
            <ns3:atemp>18.0</ns3:atemp>
            <ns3:hr>119</ns3:hr>
          </ns3:TrackPointExtension>
        </extensions>
      </trkpt>
      <trkpt lat="31.16863106377422809600830078125" lon="121.46660017780959606170654296875">
        <ele>15</ele>
        <time>2026-02-18T09:12:28.000Z</time>
        <extensions>
          <ns3:TrackPointExtension>
            <ns3:atemp>18.0</ns3:atemp>
            <ns3:hr>119</ns3:hr>
          </ns3:TrackPointExtension>
        </extensions>
      </trkpt>
      <trkpt lat="31.16857029497623443603515625" lon="121.466740071773529052734375">
        <ele>14.80000019073486328125</ele>
        <time>2026-02-18T09:12:31.000Z</time>
        <extensions>
          <ns3:TrackPointExtension>
            <ns3:atemp>18.0</ns3:atemp>
            <ns3:hr>119</ns3:hr>
          </ns3:TrackPointExtension>
        </extensions>
      </trkpt>
      <trkpt lat="31.16853685118257999420166015625" lon="121.46679782308638095855712890625">
        <ele>14.80000019073486328125</ele>
        <time>2026-02-18T09:12:32.000Z</time>
        <extensions>
          <ns3:TrackPointExtension>
            <ns3:atemp>18.0</ns3:atemp>
            <ns3:hr>120</ns3:hr>
          </ns3:TrackPointExtension>
        </extensions>
      </trkpt>
      <trkpt lat="31.1684564687311649322509765625" lon="121.4668458513915538787841796875">
        <ele>15</ele>
        <time>2026-02-18T09:12:34.000Z</time>
        <extensions>
          <ns3:TrackPointExtension>
            <ns3:atemp>18.0</ns3:atemp>
            <ns3:hr>120</ns3:hr>
          </ns3:TrackPointExtension>
        </extensions>
      </trkpt>
      <trkpt lat="31.1682137288153171539306640625" lon="121.466997563838958740234375">
        <ele>15.19999980926513671875</ele>
        <time>2026-02-18T09:12:40.000Z</time>
        <extensions>
          <ns3:TrackPointExtension>
            <ns3:atemp>18.0</ns3:atemp>
            <ns3:hr>123</ns3:hr>
          </ns3:TrackPointExtension>
        </extensions>
      </trkpt>
      <trkpt lat="31.16817559115588665008544921875" lon="121.46702748723328113555908203125">
        <ele>15.19999980926513671875</ele>
        <time>2026-02-18T09:12:41.000Z</time>
        <extensions>
          <ns3:TrackPointExtension>
            <ns3:atemp>18.0</ns3:atemp>
            <ns3:hr>121</ns3:hr>
          </ns3:TrackPointExtension>
        </extensions>
      </trkpt>
      <trkpt lat="31.168077774345874786376953125" lon="121.46712672896683216094970703125">
        <ele>15.3999996185302734375</ele>
        <time>2026-02-18T09:12:44.000Z</time>
        <extensions>
          <ns3:TrackPointExtension>
            <ns3:atemp>18.0</ns3:atemp>
            <ns3:hr>121</ns3:hr>
          </ns3:TrackPointExtension>
        </extensions>
      </trkpt>
      <trkpt lat="31.1679807119071483612060546875" lon="121.46724793128669261932373046875">
        <ele>15.3999996185302734375</ele>
        <time>2026-02-18T09:12:47.000Z</time>
        <extensions>
          <ns3:TrackPointExtension>
            <ns3:atemp>18.0</ns3:atemp>
            <ns3:hr>121</ns3:hr>
          </ns3:TrackPointExtension>
        </extensions>
      </trkpt>
      <trkpt lat="31.16789077408611774444580078125" lon="121.46736343391239643096923828125">
        <ele>15.6000003814697265625</ele>
        <time>2026-02-18T09:12:50.000Z</time>
        <extensions>
          <ns3:TrackPointExtension>
            <ns3:atemp>18.0</ns3:atemp>
            <ns3:hr>124</ns3:hr>
          </ns3:TrackPointExtension>
        </extensions>
      </trkpt>
      <trkpt lat="31.1678382195532321929931640625" lon="121.467436440289020538330078125">
        <ele>15.6000003814697265625</ele>
        <time>2026-02-18T09:12:52.000Z</time>
        <extensions>
          <ns3:TrackPointExtension>
            <ns3:atemp>18.0</ns3:atemp>
            <ns3:hr>124</ns3:hr>
          </ns3:TrackPointExtension>
        </extensions>
      </trkpt>
      <trkpt lat="31.16772808134555816650390625" lon="121.46757566370069980621337890625">
        <ele>16</ele>
        <time>2026-02-18T09:12:56.000Z</time>
        <extensions>
          <ns3:TrackPointExtension>
            <ns3:atemp>18.0</ns3:atemp>
            <ns3:hr>123</ns3:hr>
          </ns3:TrackPointExtension>
        </extensions>
      </trkpt>
      <trkpt lat="31.16753093898296356201171875" lon="121.46775872446596622467041015625">
        <ele>16</ele>
        <time>2026-02-18T09:13:02.000Z</time>
        <extensions>
          <ns3:TrackPointExtension>
            <ns3:atemp>18.0</ns3:atemp>
            <ns3:hr>120</ns3:hr>
          </ns3:TrackPointExtension>
        </extensions>
      </trkpt>
      <trkpt lat="31.167452149093151092529296875" lon="121.46780968643724918365478515625">
        <ele>15.80000019073486328125</ele>
        <time>2026-02-18T09:13:04.000Z</time>
        <extensions>
          <ns3:TrackPointExtension>
            <ns3:atemp>18.0</ns3:atemp>
            <ns3:hr>121</ns3:hr>
          </ns3:TrackPointExtension>
        </extensions>
      </trkpt>
      <trkpt lat="31.1670902185142040252685546875" lon="121.46798403002321720123291015625">
        <ele>15.19999980926513671875</ele>
        <time>2026-02-18T09:13:11.000Z</time>
        <extensions>
          <ns3:TrackPointExtension>
            <ns3:atemp>18.0</ns3:atemp>
            <ns3:hr>123</ns3:hr>
          </ns3:TrackPointExtension>
        </extensions>
      </trkpt>
      <trkpt lat="31.16670892573893070220947265625" lon="121.46806281991302967071533203125">
        <ele>14.80000019073486328125</ele>
        <time>2026-02-18T09:13:18.000Z</time>
        <extensions>
          <ns3:TrackPointExtension>
            <ns3:atemp>18.0</ns3:atemp>
            <ns3:hr>121</ns3:hr>
          </ns3:TrackPointExtension>
        </extensions>
      </trkpt>
      <trkpt lat="31.16656802594661712646484375" lon="121.46809148602187633514404296875">
        <ele>14.80000019073486328125</ele>
        <time>2026-02-18T09:13:21.000Z</time>
        <extensions>
          <ns3:TrackPointExtension>
            <ns3:atemp>18.0</ns3:atemp>
            <ns3:hr>118</ns3:hr>
          </ns3:TrackPointExtension>
        </extensions>
      </trkpt>
      <trkpt lat="31.16648647002875804901123046875" lon="121.46810330450534820556640625">
        <ele>14.80000019073486328125</ele>
        <time>2026-02-18T09:13:23.000Z</time>
        <extensions>
          <ns3:TrackPointExtension>
            <ns3:atemp>18.0</ns3:atemp>
            <ns3:hr>118</ns3:hr>
          </ns3:TrackPointExtension>
        </extensions>
      </trkpt>
      <trkpt lat="31.1664171516895294189453125" lon="121.46811361424624919891357421875">
        <ele>14.6000003814697265625</ele>
        <time>2026-02-18T09:13:25.000Z</time>
        <extensions>
          <ns3:TrackPointExtension>
            <ns3:atemp>18.0</ns3:atemp>
            <ns3:hr>117</ns3:hr>
          </ns3:TrackPointExtension>
        </extensions>
      </trkpt>
      <trkpt lat="31.16624892689287662506103515625" lon="121.46813691593706607818603515625">
        <ele>14.6000003814697265625</ele>
        <time>2026-02-18T09:13:29.000Z</time>
        <extensions>
          <ns3:TrackPointExtension>
            <ns3:atemp>18.0</ns3:atemp>
            <ns3:hr>116</ns3:hr>
          </ns3:TrackPointExtension>
        </extensions>
      </trkpt>
      <trkpt lat="31.1662065982818603515625" lon="121.46813741885125637054443359375">
        <ele>14.6000003814697265625</ele>
        <time>2026-02-18T09:13:30.000Z</time>
        <extensions>
          <ns3:TrackPointExtension>
            <ns3:atemp>18.0</ns3:atemp>
            <ns3:hr>116</ns3:hr>
          </ns3:TrackPointExtension>
        </extensions>
      </trkpt>
      <trkpt lat="31.1660327576100826263427734375" lon="121.46809014491736888885498046875">
        <ele>15</ele>
        <time>2026-02-18T09:13:35.000Z</time>
        <extensions>
          <ns3:TrackPointExtension>
            <ns3:atemp>18.0</ns3:atemp>
            <ns3:hr>116</ns3:hr>
          </ns3:TrackPointExtension>
        </extensions>
      </trkpt>
      <trkpt lat="31.16593611426651477813720703125" lon="121.46805929951369762420654296875">
        <ele>15.19999980926513671875</ele>
        <time>2026-02-18T09:13:38.000Z</time>
        <extensions>
          <ns3:TrackPointExtension>
            <ns3:atemp>18.0</ns3:atemp>
            <ns3:hr>114</ns3:hr>
          </ns3:TrackPointExtension>
        </extensions>
      </trkpt>
      <trkpt lat="31.16576763801276683807373046875" lon="121.46803465671837329864501953125">
        <ele>15.6000003814697265625</ele>
        <time>2026-02-18T09:13:43.000Z</time>
        <extensions>
          <ns3:TrackPointExtension>
            <ns3:atemp>18.0</ns3:atemp>
            <ns3:hr>113</ns3:hr>
          </ns3:TrackPointExtension>
        </extensions>
      </trkpt>
      <trkpt lat="31.16554266773164272308349609375" lon="121.46808813326060771942138671875">
        <ele>16.200000762939453125</ele>
        <time>2026-02-18T09:13:50.000Z</time>
        <extensions>
          <ns3:TrackPointExtension>
            <ns3:atemp>18.0</ns3:atemp>
            <ns3:hr>114</ns3:hr>
          </ns3:TrackPointExtension>
        </extensions>
      </trkpt>
      <trkpt lat="31.165518946945667266845703125" lon="121.46809617988765239715576171875">
        <ele>16.3999996185302734375</ele>
        <time>2026-02-18T09:13:51.000Z</time>
        <extensions>
          <ns3:TrackPointExtension>
            <ns3:atemp>18.0</ns3:atemp>
            <ns3:hr>114</ns3:hr>
          </ns3:TrackPointExtension>
        </extensions>
      </trkpt>
      <trkpt lat="31.16537955589592456817626953125" lon="121.46818905137479305267333984375">
        <ele>16.3999996185302734375</ele>
        <time>2026-02-18T09:13:56.000Z</time>
        <extensions>
          <ns3:TrackPointExtension>
            <ns3:atemp>18.0</ns3:atemp>
            <ns3:hr>114</ns3:hr>
          </ns3:TrackPointExtension>
        </extensions>
      </trkpt>
      <trkpt lat="31.16522155702114105224609375" lon="121.46834646351635456085205078125">
        <ele>16.799999237060546875</ele>
        <time>2026-02-18T09:14:02.000Z</time>
        <extensions>
          <ns3:TrackPointExtension>
            <ns3:atemp>18.0</ns3:atemp>
            <ns3:hr>117</ns3:hr>
          </ns3:TrackPointExtension>
        </extensions>
      </trkpt>
      <trkpt lat="31.16519532166421413421630859375" lon="121.468370519578456878662109375">
        <ele>16.799999237060546875</ele>
        <time>2026-02-18T09:14:03.000Z</time>
        <extensions>
          <ns3:TrackPointExtension>
            <ns3:atemp>18.0</ns3:atemp>
            <ns3:hr>119</ns3:hr>
          </ns3:TrackPointExtension>
        </extensions>
      </trkpt>
      <trkpt lat="31.1651184596121311187744140625" lon="121.46846129558980464935302734375">
        <ele>17.200000762939453125</ele>
        <time>2026-02-18T09:14:06.000Z</time>
        <extensions>
          <ns3:TrackPointExtension>
            <ns3:atemp>18.0</ns3:atemp>
            <ns3:hr>120</ns3:hr>
          </ns3:TrackPointExtension>
        </extensions>
      </trkpt>
      <trkpt lat="31.16499935276806354522705078125" lon="121.46861015819013118743896484375">
        <ele>17.799999237060546875</ele>
        <time>2026-02-18T09:14:11.000Z</time>
        <extensions>
          <ns3:TrackPointExtension>
            <ns3:atemp>18.0</ns3:atemp>
            <ns3:hr>122</ns3:hr>
          </ns3:TrackPointExtension>
        </extensions>
      </trkpt>
      <trkpt lat="31.1647734604775905609130859375" lon="121.4688246510922908782958984375">
        <ele>18.200000762939453125</ele>
        <time>2026-02-18T09:14:19.000Z</time>
        <extensions>
          <ns3:TrackPointExtension>
            <ns3:atemp>18.0</ns3:atemp>
            <ns3:hr>124</ns3:hr>
          </ns3:TrackPointExtension>
        </extensions>
      </trkpt>
      <trkpt lat="31.16473968140780925750732421875" lon="121.46884954534471035003662109375">
        <ele>18.3999996185302734375</ele>
        <time>2026-02-18T09:14:20.000Z</time>
        <extensions>
          <ns3:TrackPointExtension>
            <ns3:atemp>18.0</ns3:atemp>
            <ns3:hr>125</ns3:hr>
          </ns3:TrackPointExtension>
        </extensions>
      </trkpt>
      <trkpt lat="31.1646272800862789154052734375" lon="121.468894891440868377685546875">
        <ele>18.6000003814697265625</ele>
        <time>2026-02-18T09:14:23.000Z</time>
        <extensions>
          <ns3:TrackPointExtension>
            <ns3:atemp>18.0</ns3:atemp>
            <ns3:hr>128</ns3:hr>
          </ns3:TrackPointExtension>
        </extensions>
      </trkpt>
      <trkpt lat="31.164551675319671630859375" lon="121.46890662610530853271484375">
        <ele>18.799999237060546875</ele>
        <time>2026-02-18T09:14:25.000Z</time>
        <extensions>
          <ns3:TrackPointExtension>
            <ns3:atemp>18.0</ns3:atemp>
            <ns3:hr>129</ns3:hr>
          </ns3:TrackPointExtension>
        </extensions>
      </trkpt>
      <trkpt lat="31.1643050797283649444580078125" lon="121.46890838630497455596923828125">
        <ele>19.3999996185302734375</ele>
        <time>2026-02-18T09:14:32.000Z</time>
        <extensions>
          <ns3:TrackPointExtension>
            <ns3:atemp>18.0</ns3:atemp>
            <ns3:hr>131</ns3:hr>
          </ns3:TrackPointExtension>
        </extensions>
      </trkpt>
      <trkpt lat="31.1642363481223583221435546875" lon="121.46890687756240367889404296875">
        <ele>19.6000003814697265625</ele>
        <time>2026-02-18T09:14:34.000Z</time>
        <extensions>
          <ns3:TrackPointExtension>
            <ns3:atemp>18.0</ns3:atemp>
            <ns3:hr>130</ns3:hr>
          </ns3:TrackPointExtension>
        </extensions>
      </trkpt>
      <trkpt lat="31.1641324125230312347412109375" lon="121.468906290829181671142578125">
        <ele>19.799999237060546875</ele>
        <time>2026-02-18T09:14:37.000Z</time>
        <extensions>
          <ns3:TrackPointExtension>
            <ns3:atemp>18.0</ns3:atemp>
            <ns3:hr>131</ns3:hr>
          </ns3:TrackPointExtension>
        </extensions>
      </trkpt>
      <trkpt lat="31.1639200150966644287109375" lon="121.46889313124120235443115234375">
        <ele>19.799999237060546875</ele>
        <time>2026-02-18T09:14:43.000Z</time>
        <extensions>
          <ns3:TrackPointExtension>
            <ns3:atemp>18.0</ns3:atemp>
            <ns3:hr>129</ns3:hr>
          </ns3:TrackPointExtension>
        </extensions>
      </trkpt>
      <trkpt lat="31.1638172529637813568115234375" lon="121.46887972019612789154052734375">
        <ele>20</ele>
        <time>2026-02-18T09:14:46.000Z</time>
        <extensions>
          <ns3:TrackPointExtension>
            <ns3:atemp>18.0</ns3:atemp>
            <ns3:hr>125</ns3:hr>
          </ns3:TrackPointExtension>
        </extensions>
      </trkpt>
      <trkpt lat="31.1636814661324024200439453125" lon="121.4688652195036411285400390625">
        <ele>20.200000762939453125</ele>
        <time>2026-02-18T09:14:50.000Z</time>
        <extensions>
          <ns3:TrackPointExtension>
            <ns3:atemp>18.0</ns3:atemp>
            <ns3:hr>125</ns3:hr>
          </ns3:TrackPointExtension>
        </extensions>
      </trkpt>
      <trkpt lat="31.1636536382138729095458984375" lon="121.46886077709496021270751953125">
        <ele>20.3999996185302734375</ele>
        <time>2026-02-18T09:14:51.000Z</time>
        <extensions>
          <ns3:TrackPointExtension>
            <ns3:atemp>18.0</ns3:atemp>
            <ns3:hr>125</ns3:hr>
          </ns3:TrackPointExtension>
        </extensions>
      </trkpt>
      <trkpt lat="31.163543164730072021484375" lon="121.46885029971599578857421875">
        <ele>20.6000003814697265625</ele>
        <time>2026-02-18T09:14:54.000Z</time>
        <extensions>
          <ns3:TrackPointExtension>
            <ns3:atemp>18.0</ns3:atemp>
            <ns3:hr>125</ns3:hr>
          </ns3:TrackPointExtension>
        </extensions>
      </trkpt>
      <trkpt lat="31.1633230559527873992919921875" lon="121.4688400737941265106201171875">
        <ele>20.6000003814697265625</ele>
        <time>2026-02-18T09:15:00.000Z</time>
        <extensions>
          <ns3:TrackPointExtension>
            <ns3:atemp>18.0</ns3:atemp>
            <ns3:hr>127</ns3:hr>
          </ns3:TrackPointExtension>
        </extensions>
      </trkpt>
      <trkpt lat="31.162916533648967742919921875" lon="121.46885256282985210418701171875">
        <ele>20.3999996185302734375</ele>
        <time>2026-02-18T09:15:10.000Z</time>
        <extensions>
          <ns3:TrackPointExtension>
            <ns3:atemp>18.0</ns3:atemp>
            <ns3:hr>125</ns3:hr>
          </ns3:TrackPointExtension>
        </extensions>
      </trkpt>
      <trkpt lat="31.16263590753078460693359375" lon="121.4688632078468799591064453125">
        <ele>20</ele>
        <time>2026-02-18T09:15:16.000Z</time>
        <extensions>
          <ns3:TrackPointExtension>
            <ns3:atemp>18.0</ns3:atemp>
            <ns3:hr>122</ns3:hr>
          </ns3:TrackPointExtension>
        </extensions>
      </trkpt>
      <trkpt lat="31.1625468917191028594970703125" lon="121.4688618667423725128173828125">
        <ele>20</ele>
        <time>2026-02-18T09:15:18.000Z</time>
        <extensions>
          <ns3:TrackPointExtension>
            <ns3:atemp>18.0</ns3:atemp>
            <ns3:hr>122</ns3:hr>
          </ns3:TrackPointExtension>
        </extensions>
      </trkpt>
      <trkpt lat="31.16223986260592937469482421875" lon="121.46884183399379253387451171875">
        <ele>19.6000003814697265625</ele>
        <time>2026-02-18T09:15:25.000Z</time>
        <extensions>
          <ns3:TrackPointExtension>
            <ns3:atemp>18.0</ns3:atemp>
            <ns3:hr>120</ns3:hr>
          </ns3:TrackPointExtension>
        </extensions>
      </trkpt>
      <trkpt lat="31.162045486271381378173828125" lon="121.468803696334362030029296875">
        <ele>19</ele>
        <time>2026-02-18T09:15:29.000Z</time>
        <extensions>
          <ns3:TrackPointExtension>
            <ns3:atemp>18.0</ns3:atemp>
            <ns3:hr>118</ns3:hr>
          </ns3:TrackPointExtension>
        </extensions>
      </trkpt>
      <trkpt lat="31.1619511060416698455810546875" lon="121.46876136772334575653076171875">
        <ele>19</ele>
        <time>2026-02-18T09:15:31.000Z</time>
        <extensions>
          <ns3:TrackPointExtension>
            <ns3:atemp>18.0</ns3:atemp>
            <ns3:hr>118</ns3:hr>
          </ns3:TrackPointExtension>
        </extensions>
      </trkpt>
      <trkpt lat="31.16178606636822223663330078125" lon="121.4686382375657558441162109375">
        <ele>18.799999237060546875</ele>
        <time>2026-02-18T09:15:35.000Z</time>
        <extensions>
          <ns3:TrackPointExtension>
            <ns3:atemp>18.0</ns3:atemp>
            <ns3:hr>115</ns3:hr>
          </ns3:TrackPointExtension>
        </extensions>
      </trkpt>
      <trkpt lat="31.16168598644435405731201171875" lon="121.4685178734362125396728515625">
        <ele>18.6000003814697265625</ele>
        <time>2026-02-18T09:15:38.000Z</time>
        <extensions>
          <ns3:TrackPointExtension>
            <ns3:atemp>18.0</ns3:atemp>
            <ns3:hr>113</ns3:hr>
          </ns3:TrackPointExtension>
        </extensions>
      </trkpt>
      <trkpt lat="31.161657907068729400634765625" lon="121.468470431864261627197265625">
        <ele>18.6000003814697265625</ele>
        <time>2026-02-18T09:15:39.000Z</time>
        <extensions>
          <ns3:TrackPointExtension>
            <ns3:atemp>18.0</ns3:atemp>
            <ns3:hr>113</ns3:hr>
          </ns3:TrackPointExtension>
        </extensions>
      </trkpt>
      <trkpt lat="31.16161222569644451141357421875" lon="121.46837395615875720977783203125">
        <ele>18.200000762939453125</ele>
        <time>2026-02-18T09:15:41.000Z</time>
        <extensions>
          <ns3:TrackPointExtension>
            <ns3:atemp>18.0</ns3:atemp>
            <ns3:hr>112</ns3:hr>
          </ns3:TrackPointExtension>
        </extensions>
      </trkpt>
      <trkpt lat="31.161560676991939544677734375" lon="121.4682137779891490936279296875">
        <ele>17.799999237060546875</ele>
        <time>2026-02-18T09:15:44.000Z</time>
        <extensions>
          <ns3:TrackPointExtension>
            <ns3:atemp>18.0</ns3:atemp>
            <ns3:hr>112</ns3:hr>
          </ns3:TrackPointExtension>
        </extensions>
      </trkpt>
      <trkpt lat="31.16153611801564693450927734375" lon="121.46803549490869045257568359375">
        <ele>17.6000003814697265625</ele>
        <time>2026-02-18T09:15:47.000Z</time>
        <extensions>
          <ns3:TrackPointExtension>
            <ns3:atemp>18.0</ns3:atemp>
            <ns3:hr>110</ns3:hr>
          </ns3:TrackPointExtension>
        </extensions>
      </trkpt>
      <trkpt lat="31.16152689792215824127197265625" lon="121.46797480992972850799560546875">
        <ele>17</ele>
        <time>2026-02-18T09:15:48.000Z</time>
        <extensions>
          <ns3:TrackPointExtension>
            <ns3:atemp>18.0</ns3:atemp>
            <ns3:hr>110</ns3:hr>
          </ns3:TrackPointExtension>
        </extensions>
      </trkpt>
      <trkpt lat="31.161478869616985321044921875" lon="121.4678627438843250274658203125">
        <ele>16.6000003814697265625</ele>
        <time>2026-02-18T09:15:50.000Z</time>
        <extensions>
          <ns3:TrackPointExtension>
            <ns3:atemp>18.0</ns3:atemp>
            <ns3:hr>111</ns3:hr>
          </ns3:TrackPointExtension>
        </extensions>
      </trkpt>
      <trkpt lat="31.161438636481761932373046875" lon="121.46781773306429386138916015625">
        <ele>16.6000003814697265625</ele>
        <time>2026-02-18T09:15:51.000Z</time>
        <extensions>
          <ns3:TrackPointExtension>
            <ns3:atemp>18.0</ns3:atemp>
            <ns3:hr>110</ns3:hr>
          </ns3:TrackPointExtension>
        </extensions>
      </trkpt>
      <trkpt lat="31.16139228455722332000732421875" lon="121.46778454072773456573486328125">
        <ele>16.3999996185302734375</ele>
        <time>2026-02-18T09:15:52.000Z</time>
        <extensions>
          <ns3:TrackPointExtension>
            <ns3:atemp>18.0</ns3:atemp>
            <ns3:hr>110</ns3:hr>
          </ns3:TrackPointExtension>
        </extensions>
      </trkpt>
      <trkpt lat="31.16129036061465740203857421875" lon="121.4677510969340801239013671875">
        <ele>16.200000762939453125</ele>
        <time>2026-02-18T09:15:54.000Z</time>
        <extensions>
          <ns3:TrackPointExtension>
            <ns3:atemp>18.0</ns3:atemp>
            <ns3:hr>110</ns3:hr>
          </ns3:TrackPointExtension>
        </extensions>
      </trkpt>
      <trkpt lat="31.16125054657459259033203125" lon="121.46777146495878696441650390625">
        <ele>16</ele>
        <time>2026-02-18T09:15:55.000Z</time>
        <extensions>
          <ns3:TrackPointExtension>
            <ns3:atemp>18.0</ns3:atemp>
            <ns3:hr>111</ns3:hr>
          </ns3:TrackPointExtension>
        </extensions>
      </trkpt>
      <trkpt lat="31.16120955906808376312255859375" lon="121.467813290655612945556640625">
        <ele>15.80000019073486328125</ele>
        <time>2026-02-18T09:15:56.000Z</time>
        <extensions>
          <ns3:TrackPointExtension>
            <ns3:atemp>18.0</ns3:atemp>
            <ns3:hr>111</ns3:hr>
          </ns3:TrackPointExtension>
        </extensions>
      </trkpt>
      <trkpt lat="31.16120100952684879302978515625" lon="121.4678717963397502899169921875">
        <ele>15.80000019073486328125</ele>
        <time>2026-02-18T09:15:57.000Z</time>
        <extensions>
          <ns3:TrackPointExtension>
            <ns3:atemp>18.0</ns3:atemp>
            <ns3:hr>111</ns3:hr>
          </ns3:TrackPointExtension>
        </extensions>
      </trkpt>
      <trkpt lat="31.1612238921225070953369140625" lon="121.4681911468505859375">
        <ele>15</ele>
        <time>2026-02-18T09:16:02.000Z</time>
        <extensions>
          <ns3:TrackPointExtension>
            <ns3:atemp>18.0</ns3:atemp>
            <ns3:hr>109</ns3:hr>
          </ns3:TrackPointExtension>
        </extensions>
      </trkpt>
      <trkpt lat="31.1612004227936267852783203125" lon="121.46830447018146514892578125">
        <ele>15</ele>
        <time>2026-02-18T09:16:04.000Z</time>
        <extensions>
          <ns3:TrackPointExtension>
            <ns3:atemp>18.0</ns3:atemp>
            <ns3:hr>106</ns3:hr>
          </ns3:TrackPointExtension>
        </extensions>
      </trkpt>
      <trkpt lat="31.16118122823536396026611328125" lon="121.46834445185959339141845703125">
        <ele>15</ele>
        <time>2026-02-18T09:16:05.000Z</time>
        <extensions>
          <ns3:TrackPointExtension>
            <ns3:atemp>18.0</ns3:atemp>
            <ns3:hr>104</ns3:hr>
          </ns3:TrackPointExtension>
        </extensions>
      </trkpt>
      <trkpt lat="31.16114418022334575653076171875" lon="121.4683911390602588653564453125">
        <ele>14.80000019073486328125</ele>
        <time>2026-02-18T09:16:06.000Z</time>
        <extensions>
          <ns3:TrackPointExtension>
            <ns3:atemp>18.0</ns3:atemp>
            <ns3:hr>104</ns3:hr>
          </ns3:TrackPointExtension>
        </extensions>
      </trkpt>
      <trkpt lat="31.16106522269546985626220703125" lon="121.46842223592102527618408203125">
        <ele>14.80000019073486328125</ele>
        <time>2026-02-18T09:16:08.000Z</time>
        <extensions>
          <ns3:TrackPointExtension>
            <ns3:atemp>18.0</ns3:atemp>
            <ns3:hr>103</ns3:hr>
          </ns3:TrackPointExtension>
        </extensions>
      </trkpt>
      <trkpt lat="31.16102281026542186737060546875" lon="121.46842257119715213775634765625">
        <ele>14.80000019073486328125</ele>
        <time>2026-02-18T09:16:09.000Z</time>
        <extensions>
          <ns3:TrackPointExtension>
            <ns3:atemp>18.0</ns3:atemp>
            <ns3:hr>103</ns3:hr>
          </ns3:TrackPointExtension>
        </extensions>
      </trkpt>
      <trkpt lat="31.16098023019731044769287109375" lon="121.46841050125658512115478515625">
        <ele>14.80000019073486328125</ele>
        <time>2026-02-18T09:16:10.000Z</time>
        <extensions>
          <ns3:TrackPointExtension>
            <ns3:atemp>18.0</ns3:atemp>
            <ns3:hr>103</ns3:hr>
          </ns3:TrackPointExtension>
        </extensions>
      </trkpt>
      <trkpt lat="31.1608500592410564422607421875" lon="121.468357108533382415771484375">
        <ele>15</ele>
        <time>2026-02-18T09:16:13.000Z</time>
        <extensions>
          <ns3:TrackPointExtension>
            <ns3:atemp>18.0</ns3:atemp>
            <ns3:hr>104</ns3:hr>
          </ns3:TrackPointExtension>
        </extensions>
      </trkpt>
      <trkpt lat="31.16080588661134243011474609375" lon="121.46834730170667171478271484375">
        <ele>14.80000019073486328125</ele>
        <time>2026-02-18T09:16:14.000Z</time>
        <extensions>
          <ns3:TrackPointExtension>
            <ns3:atemp>18.0</ns3:atemp>
            <ns3:hr>104</ns3:hr>
          </ns3:TrackPointExtension>
        </extensions>
      </trkpt>
      <trkpt lat="31.16056649945676326751708984375" lon="121.46831193007528781890869140625">
        <ele>14.80000019073486328125</ele>
        <time>2026-02-18T09:16:19.000Z</time>
        <extensions>
          <ns3:TrackPointExtension>
            <ns3:atemp>18.0</ns3:atemp>
            <ns3:hr>106</ns3:hr>
          </ns3:TrackPointExtension>
        </extensions>
      </trkpt>
      <trkpt lat="31.1603169701993465423583984375" lon="121.46831142716109752655029296875">
        <ele>14.80000019073486328125</ele>
        <time>2026-02-18T09:16:24.000Z</time>
        <extensions>
          <ns3:TrackPointExtension>
            <ns3:atemp>18.0</ns3:atemp>
            <ns3:hr>109</ns3:hr>
          </ns3:TrackPointExtension>
        </extensions>
      </trkpt>
      <trkpt lat="31.16016701795160770416259765625" lon="121.46828795783221721649169921875">
        <ele>14.80000019073486328125</ele>
        <time>2026-02-18T09:16:27.000Z</time>
        <extensions>
          <ns3:TrackPointExtension>
            <ns3:atemp>18.0</ns3:atemp>
            <ns3:hr>109</ns3:hr>
          </ns3:TrackPointExtension>
        </extensions>
      </trkpt>
      <trkpt lat="31.1600122042000293731689453125" lon="121.46828510798513889312744140625">
        <ele>14.80000019073486328125</ele>
        <time>2026-02-18T09:16:30.000Z</time>
        <extensions>
          <ns3:TrackPointExtension>
            <ns3:atemp>17.0</ns3:atemp>
            <ns3:hr>112</ns3:hr>
          </ns3:TrackPointExtension>
        </extensions>
      </trkpt>
      <trkpt lat="31.15990768186748027801513671875" lon="121.4682613871991634368896484375">
        <ele>14.80000019073486328125</ele>
        <time>2026-02-18T09:16:32.000Z</time>
        <extensions>
          <ns3:TrackPointExtension>
            <ns3:atemp>17.0</ns3:atemp>
            <ns3:hr>115</ns3:hr>
          </ns3:TrackPointExtension>
        </extensions>
      </trkpt>
      <trkpt lat="31.15985923446714878082275390625" lon="121.46823481656610965728759765625">
        <ele>14.80000019073486328125</ele>
        <time>2026-02-18T09:16:33.000Z</time>
        <extensions>
          <ns3:TrackPointExtension>
            <ns3:atemp>17.0</ns3:atemp>
            <ns3:hr>117</ns3:hr>
          </ns3:TrackPointExtension>
        </extensions>
      </trkpt>
      <trkpt lat="31.15943200886249542236328125" lon="121.46797045134007930755615234375">
        <ele>14.80000019073486328125</ele>
        <time>2026-02-18T09:16:43.000Z</time>
        <extensions>
          <ns3:TrackPointExtension>
            <ns3:atemp>17.0</ns3:atemp>
            <ns3:hr>118</ns3:hr>
          </ns3:TrackPointExtension>
        </extensions>
      </trkpt>
      <trkpt lat="31.15915314294397830963134765625" lon="121.4678111113607883453369140625">
        <ele>14.6000003814697265625</ele>
        <time>2026-02-18T09:16:50.000Z</time>
        <extensions>
          <ns3:TrackPointExtension>
            <ns3:atemp>17.0</ns3:atemp>
            <ns3:hr>119</ns3:hr>
          </ns3:TrackPointExtension>
        </extensions>
      </trkpt>
      <trkpt lat="31.15910838358104228973388671875" lon="121.4678007178008556365966796875">
        <ele>14.6000003814697265625</ele>
        <time>2026-02-18T09:16:51.000Z</time>
        <extensions>
          <ns3:TrackPointExtension>
            <ns3:atemp>17.0</ns3:atemp>
            <ns3:hr>119</ns3:hr>
          </ns3:TrackPointExtension>
        </extensions>
      </trkpt>
      <trkpt lat="31.1589336208999156951904296875" lon="121.4678044058382511138916015625">
        <ele>14.6000003814697265625</ele>
        <time>2026-02-18T09:16:55.000Z</time>
        <extensions>
          <ns3:TrackPointExtension>
            <ns3:atemp>17.0</ns3:atemp>
            <ns3:hr>119</ns3:hr>
          </ns3:TrackPointExtension>
        </extensions>
      </trkpt>
      <trkpt lat="31.158661879599094390869140625" lon="121.46778068505227565765380859375">
        <ele>15.3999996185302734375</ele>
        <time>2026-02-18T09:17:02.000Z</time>
        <extensions>
          <ns3:TrackPointExtension>
            <ns3:atemp>17.0</ns3:atemp>
            <ns3:hr>118</ns3:hr>
          </ns3:TrackPointExtension>
        </extensions>
      </trkpt>
      <trkpt lat="31.15845342166721820831298828125" lon="121.4676136337220668792724609375">
        <ele>14.80000019073486328125</ele>
        <time>2026-02-18T09:17:08.000Z</time>
        <extensions>
          <ns3:TrackPointExtension>
            <ns3:atemp>17.0</ns3:atemp>
            <ns3:hr>118</ns3:hr>
          </ns3:TrackPointExtension>
        </extensions>
      </trkpt>
      <trkpt lat="31.15830137394368648529052734375" lon="121.46734164096415042877197265625">
        <ele>14.19999980926513671875</ele>
        <time>2026-02-18T09:17:14.000Z</time>
        <extensions>
          <ns3:TrackPointExtension>
            <ns3:atemp>17.0</ns3:atemp>
            <ns3:hr>116</ns3:hr>
          </ns3:TrackPointExtension>
        </extensions>
      </trkpt>
      <trkpt lat="31.15813641808927059173583984375" lon="121.46704894490540027618408203125">
        <ele>14</ele>
        <time>2026-02-18T09:17:21.000Z</time>
        <extensions>
          <ns3:TrackPointExtension>
            <ns3:atemp>17.0</ns3:atemp>
            <ns3:hr>115</ns3:hr>
          </ns3:TrackPointExtension>
        </extensions>
      </trkpt>
      <trkpt lat="31.158106327056884765625" lon="121.46701323799788951873779296875">
        <ele>14</ele>
        <time>2026-02-18T09:17:22.000Z</time>
        <extensions>
          <ns3:TrackPointExtension>
            <ns3:atemp>17.0</ns3:atemp>
            <ns3:hr>115</ns3:hr>
          </ns3:TrackPointExtension>
        </extensions>
      </trkpt>
      <trkpt lat="31.15806416608393192291259765625" lon="121.466987840831279754638671875">
        <ele>14</ele>
        <time>2026-02-18T09:17:23.000Z</time>
        <extensions>
          <ns3:TrackPointExtension>
            <ns3:atemp>17.0</ns3:atemp>
            <ns3:hr>115</ns3:hr>
          </ns3:TrackPointExtension>
        </extensions>
      </trkpt>
      <trkpt lat="31.15798671729862689971923828125" lon="121.46697786636650562286376953125">
        <ele>14.19999980926513671875</ele>
        <time>2026-02-18T09:17:25.000Z</time>
        <extensions>
          <ns3:TrackPointExtension>
            <ns3:atemp>17.0</ns3:atemp>
            <ns3:hr>115</ns3:hr>
          </ns3:TrackPointExtension>
        </extensions>
      </trkpt>
      <trkpt lat="31.15768429823219776153564453125" lon="121.4669528044760227203369140625">
        <ele>14</ele>
        <time>2026-02-18T09:17:32.000Z</time>
        <extensions>
          <ns3:TrackPointExtension>
            <ns3:atemp>17.0</ns3:atemp>
            <ns3:hr>116</ns3:hr>
          </ns3:TrackPointExtension>
        </extensions>
      </trkpt>
      <trkpt lat="31.15759846754372119903564453125" lon="121.46695137955248355865478515625">
        <ele>14</ele>
        <time>2026-02-18T09:17:34.000Z</time>
        <extensions>
          <ns3:TrackPointExtension>
            <ns3:atemp>17.0</ns3:atemp>
            <ns3:hr>116</ns3:hr>
          </ns3:TrackPointExtension>
        </extensions>
      </trkpt>
      <trkpt lat="31.15756074897944927215576171875" lon="121.4669729210436344146728515625">
        <ele>14</ele>
        <time>2026-02-18T09:17:35.000Z</time>
        <extensions>
          <ns3:TrackPointExtension>
            <ns3:atemp>17.0</ns3:atemp>
            <ns3:hr>115</ns3:hr>
          </ns3:TrackPointExtension>
        </extensions>
      </trkpt>
      <trkpt lat="31.1575251258909702301025390625" lon="121.46699286997318267822265625">
        <ele>14</ele>
        <time>2026-02-18T09:17:36.000Z</time>
        <extensions>
          <ns3:TrackPointExtension>
            <ns3:atemp>17.0</ns3:atemp>
            <ns3:hr>115</ns3:hr>
          </ns3:TrackPointExtension>
        </extensions>
      </trkpt>
      <trkpt lat="31.15745983086526393890380859375" lon="121.46704156883060932159423828125">
        <ele>13.80000019073486328125</ele>
        <time>2026-02-18T09:17:38.000Z</time>
        <extensions>
          <ns3:TrackPointExtension>
            <ns3:atemp>17.0</ns3:atemp>
            <ns3:hr>114</ns3:hr>
          </ns3:TrackPointExtension>
        </extensions>
      </trkpt>
      <trkpt lat="31.15738942287862300872802734375" lon="121.46709487773478031158447265625">
        <ele>13.80000019073486328125</ele>
        <time>2026-02-18T09:17:40.000Z</time>
        <extensions>
          <ns3:TrackPointExtension>
            <ns3:atemp>17.0</ns3:atemp>
            <ns3:hr>114</ns3:hr>
          </ns3:TrackPointExtension>
        </extensions>
      </trkpt>
      <trkpt lat="31.157316081225872039794921875" lon="121.4671502821147441864013671875">
        <ele>13.80000019073486328125</ele>
        <time>2026-02-18T09:17:42.000Z</time>
        <extensions>
          <ns3:TrackPointExtension>
            <ns3:atemp>17.0</ns3:atemp>
            <ns3:hr>113</ns3:hr>
          </ns3:TrackPointExtension>
        </extensions>
      </trkpt>
      <trkpt lat="31.15726570598781108856201171875" lon="121.46722622215747833251953125">
        <ele>13.6000003814697265625</ele>
        <time>2026-02-18T09:17:44.000Z</time>
        <extensions>
          <ns3:TrackPointExtension>
            <ns3:atemp>17.0</ns3:atemp>
            <ns3:hr>113</ns3:hr>
          </ns3:TrackPointExtension>
        </extensions>
      </trkpt>
      <trkpt lat="31.1572491936385631561279296875" lon="121.4673152379691600799560546875">
        <ele>13.6000003814697265625</ele>
        <time>2026-02-18T09:17:46.000Z</time>
        <extensions>
          <ns3:TrackPointExtension>
            <ns3:atemp>17.0</ns3:atemp>
            <ns3:hr>113</ns3:hr>
          </ns3:TrackPointExtension>
        </extensions>
      </trkpt>
      <trkpt lat="31.15726218558847904205322265625" lon="121.46745462901890277862548828125">
        <ele>13.6000003814697265625</ele>
        <time>2026-02-18T09:17:49.000Z</time>
        <extensions>
          <ns3:TrackPointExtension>
            <ns3:atemp>17.0</ns3:atemp>
            <ns3:hr>110</ns3:hr>
          </ns3:TrackPointExtension>
        </extensions>
      </trkpt>
      <trkpt lat="31.1572629399597644805908203125" lon="121.46757717244327068328857421875">
        <ele>13.3999996185302734375</ele>
        <time>2026-02-18T09:17:52.000Z</time>
        <extensions>
          <ns3:TrackPointExtension>
            <ns3:atemp>17.0</ns3:atemp>
            <ns3:hr>110</ns3:hr>
          </ns3:TrackPointExtension>
        </extensions>
      </trkpt>
      <trkpt lat="31.15724424831569194793701171875" lon="121.46766702644526958465576171875">
        <ele>13.3999996185302734375</ele>
        <time>2026-02-18T09:17:56.000Z</time>
        <extensions>
          <ns3:TrackPointExtension>
            <ns3:atemp>17.0</ns3:atemp>
            <ns3:hr>111</ns3:hr>
          </ns3:TrackPointExtension>
        </extensions>
      </trkpt>
      <trkpt lat="31.1572493612766265869140625" lon="121.4676662720739841461181640625">
        <ele>13.3999996185302734375</ele>
        <time>2026-02-18T09:18:02.000Z</time>
        <extensions>
          <ns3:TrackPointExtension>
            <ns3:atemp>17.0</ns3:atemp>
            <ns3:hr>111</ns3:hr>
          </ns3:TrackPointExtension>
        </extensions>
      </trkpt>
      <trkpt lat="31.1572332680225372314453125" lon="121.46765763871371746063232421875">
        <ele>13.3999996185302734375</ele>
        <time>2026-02-18T09:18:11.000Z</time>
        <extensions>
          <ns3:TrackPointExtension>
            <ns3:atemp>17.0</ns3:atemp>
            <ns3:hr>110</ns3:hr>
          </ns3:TrackPointExtension>
        </extensions>
      </trkpt>
      <trkpt lat="31.15721927024424076080322265625" lon="121.46771907806396484375">
        <ele>13.3999996185302734375</ele>
        <time>2026-02-18T09:18:16.000Z</time>
        <extensions>
          <ns3:TrackPointExtension>
            <ns3:atemp>17.0</ns3:atemp>
            <ns3:hr>111</ns3:hr>
          </ns3:TrackPointExtension>
        </extensions>
      </trkpt>
      <trkpt lat="31.157179959118366241455078125" lon="121.46780801005661487579345703125">
        <ele>13.3999996185302734375</ele>
        <time>2026-02-18T09:18:21.000Z</time>
        <extensions>
          <ns3:TrackPointExtension>
            <ns3:atemp>17.0</ns3:atemp>
            <ns3:hr>108</ns3:hr>
          </ns3:TrackPointExtension>
        </extensions>
      </trkpt>
      <trkpt lat="31.15716797299683094024658203125" lon="121.4678339101374149322509765625">
        <ele>13.3999996185302734375</ele>
        <time>2026-02-18T09:18:23.000Z</time>
        <extensions>
          <ns3:TrackPointExtension>
            <ns3:atemp>17.0</ns3:atemp>
            <ns3:hr>107</ns3:hr>
          </ns3:TrackPointExtension>
        </extensions>
      </trkpt>
      <trkpt lat="31.1571643687784671783447265625" lon="121.46786391735076904296875">
        <ele>13.3999996185302734375</ele>
        <time>2026-02-18T09:18:25.000Z</time>
        <extensions>
          <ns3:TrackPointExtension>
            <ns3:atemp>17.0</ns3:atemp>
            <ns3:hr>104</ns3:hr>
          </ns3:TrackPointExtension>
        </extensions>
      </trkpt>
      <trkpt lat="31.15716428495943546295166015625" lon="121.46787774749100208282470703125">
        <ele>13.3999996185302734375</ele>
        <time>2026-02-18T09:18:26.000Z</time>
        <extensions>
          <ns3:TrackPointExtension>
            <ns3:atemp>17.0</ns3:atemp>
            <ns3:hr>103</ns3:hr>
          </ns3:TrackPointExtension>
        </extensions>
      </trkpt>
      <trkpt lat="31.15715255029499530792236328125" lon="121.46790674887597560882568359375">
        <ele>13.3999996185302734375</ele>
        <time>2026-02-18T09:18:28.000Z</time>
        <extensions>
          <ns3:TrackPointExtension>
            <ns3:atemp>17.0</ns3:atemp>
            <ns3:hr>103</ns3:hr>
          </ns3:TrackPointExtension>
        </extensions>
      </trkpt>
      <trkpt lat="31.1571340262889862060546875" lon="121.46793365478515625">
        <ele>13.3999996185302734375</ele>
        <time>2026-02-18T09:18:30.000Z</time>
        <extensions>
          <ns3:TrackPointExtension>
            <ns3:atemp>17.0</ns3:atemp>
            <ns3:hr>103</ns3:hr>
          </ns3:TrackPointExtension>
        </extensions>
      </trkpt>
      <trkpt lat="31.15706638433039188385009765625" lon="121.46800003945827484130859375">
        <ele>13.3999996185302734375</ele>
        <time>2026-02-18T09:18:38.000Z</time>
        <extensions>
          <ns3:TrackPointExtension>
            <ns3:atemp>17.0</ns3:atemp>
            <ns3:hr>104</ns3:hr>
          </ns3:TrackPointExtension>
        </extensions>
      </trkpt>
      <trkpt lat="31.157036125659942626953125" lon="121.4680300466716289520263671875">
        <ele>13.3999996185302734375</ele>
        <time>2026-02-18T09:18:41.000Z</time>
        <extensions>
          <ns3:TrackPointExtension>
            <ns3:atemp>17.0</ns3:atemp>
            <ns3:hr>105</ns3:hr>
          </ns3:TrackPointExtension>
        </extensions>
      </trkpt>
      <trkpt lat="31.15703118033707141876220703125" lon="121.46804370917379856109619140625">
        <ele>13.3999996185302734375</ele>
        <time>2026-02-18T09:18:43.000Z</time>
        <extensions>
          <ns3:TrackPointExtension>
            <ns3:atemp>17.0</ns3:atemp>
            <ns3:hr>106</ns3:hr>
          </ns3:TrackPointExtension>
        </extensions>
      </trkpt>
      <trkpt lat="31.157020032405853271484375" lon="121.4680702798068523406982421875">
        <ele>13.19999980926513671875</ele>
        <time>2026-02-18T09:18:45.000Z</time>
        <extensions>
          <ns3:TrackPointExtension>
            <ns3:atemp>17.0</ns3:atemp>
            <ns3:hr>105</ns3:hr>
          </ns3:TrackPointExtension>
        </extensions>
      </trkpt>
      <trkpt lat="31.1569990776479244232177734375" lon="121.46811679936945438385009765625">
        <ele>13.19999980926513671875</ele>
        <time>2026-02-18T09:18:48.000Z</time>
        <extensions>
          <ns3:TrackPointExtension>
            <ns3:atemp>17.0</ns3:atemp>
            <ns3:hr>106</ns3:hr>
          </ns3:TrackPointExtension>
        </extensions>
      </trkpt>
      <trkpt lat="31.15696228109300136566162109375" lon="121.46825543604791164398193359375">
        <ele>13.3999996185302734375</ele>
        <time>2026-02-18T09:18:57.000Z</time>
        <extensions>
          <ns3:TrackPointExtension>
            <ns3:atemp>17.0</ns3:atemp>
            <ns3:hr>108</ns3:hr>
          </ns3:TrackPointExtension>
        </extensions>
      </trkpt>
      <trkpt lat="31.156931854784488677978515625" lon="121.46834612824022769927978515625">
        <ele>13.19999980926513671875</ele>
        <time>2026-02-18T09:19:03.000Z</time>
        <extensions>
          <ns3:TrackPointExtension>
            <ns3:atemp>17.0</ns3:atemp>
            <ns3:hr>111</ns3:hr>
          </ns3:TrackPointExtension>
        </extensions>
      </trkpt>
      <trkpt lat="31.15692405961453914642333984375" lon="121.46838770247995853424072265625">
        <ele>13.19999980926513671875</ele>
        <time>2026-02-18T09:19:06.000Z</time>
        <extensions>
          <ns3:TrackPointExtension>
            <ns3:atemp>17.0</ns3:atemp>
            <ns3:hr>114</ns3:hr>
          </ns3:TrackPointExtension>
        </extensions>
      </trkpt>
      <trkpt lat="31.1569122411310672760009765625" lon="121.468426845967769622802734375">
        <ele>13.19999980926513671875</ele>
        <time>2026-02-18T09:19:09.000Z</time>
        <extensions>
          <ns3:TrackPointExtension>
            <ns3:atemp>17.0</ns3:atemp>
            <ns3:hr>117</ns3:hr>
          </ns3:TrackPointExtension>
        </extensions>
      </trkpt>
      <trkpt lat="31.1568981595337390899658203125" lon="121.46847269497811794281005859375">
        <ele>13</ele>
        <time>2026-02-18T09:19:12.000Z</time>
        <extensions>
          <ns3:TrackPointExtension>
            <ns3:atemp>17.0</ns3:atemp>
            <ns3:hr>119</ns3:hr>
          </ns3:TrackPointExtension>
        </extensions>
      </trkpt>
      <trkpt lat="31.15688919089734554290771484375" lon="121.46852441132068634033203125">
        <ele>13</ele>
        <time>2026-02-18T09:19:16.000Z</time>
        <extensions>
          <ns3:TrackPointExtension>
            <ns3:atemp>17.0</ns3:atemp>
            <ns3:hr>119</ns3:hr>
          </ns3:TrackPointExtension>
        </extensions>
      </trkpt>
      <trkpt lat="31.15687913261353969573974609375" lon="121.4685527421534061431884765625">
        <ele>13.19999980926513671875</ele>
        <time>2026-02-18T09:19:18.000Z</time>
        <extensions>
          <ns3:TrackPointExtension>
            <ns3:atemp>17.0</ns3:atemp>
            <ns3:hr>120</ns3:hr>
          </ns3:TrackPointExtension>
        </extensions>
      </trkpt>
      <trkpt lat="31.1568720079958438873291015625" lon="121.46858383901417255401611328125">
        <ele>13.19999980926513671875</ele>
        <time>2026-02-18T09:19:20.000Z</time>
        <extensions>
          <ns3:TrackPointExtension>
            <ns3:atemp>17.0</ns3:atemp>
            <ns3:hr>120</ns3:hr>
          </ns3:TrackPointExtension>
        </extensions>
      </trkpt>
      <trkpt lat="31.15685641765594482421875" lon="121.4686570130288600921630859375">
        <ele>13.19999980926513671875</ele>
        <time>2026-02-18T09:19:24.000Z</time>
        <extensions>
          <ns3:TrackPointExtension>
            <ns3:atemp>17.0</ns3:atemp>
            <ns3:hr>121</ns3:hr>
          </ns3:TrackPointExtension>
        </extensions>
      </trkpt>
      <trkpt lat="31.1568381451070308685302734375" lon="121.46871945820748805999755859375">
        <ele>13.19999980926513671875</ele>
        <time>2026-02-18T09:19:27.000Z</time>
        <extensions>
          <ns3:TrackPointExtension>
            <ns3:atemp>17.0</ns3:atemp>
            <ns3:hr>123</ns3:hr>
          </ns3:TrackPointExtension>
        </extensions>
      </trkpt>
      <trkpt lat="31.15682615898549556732177734375" lon="121.46881677210330963134765625">
        <ele>13</ele>
        <time>2026-02-18T09:19:34.000Z</time>
        <extensions>
          <ns3:TrackPointExtension>
            <ns3:atemp>17.0</ns3:atemp>
            <ns3:hr>126</ns3:hr>
          </ns3:TrackPointExtension>
        </extensions>
      </trkpt>
      <trkpt lat="31.15684325806796550750732421875" lon="121.46883613429963588714599609375">
        <ele>13</ele>
        <time>2026-02-18T09:19:35.000Z</time>
        <extensions>
          <ns3:TrackPointExtension>
            <ns3:atemp>17.0</ns3:atemp>
            <ns3:hr>126</ns3:hr>
          </ns3:TrackPointExtension>
        </extensions>
      </trkpt>
      <trkpt lat="31.15685733966529369354248046875" lon="121.4688440971076488494873046875">
        <ele>13</ele>
        <time>2026-02-18T09:19:36.000Z</time>
        <extensions>
          <ns3:TrackPointExtension>
            <ns3:atemp>17.0</ns3:atemp>
            <ns3:hr>127</ns3:hr>
          </ns3:TrackPointExtension>
        </extensions>
      </trkpt>
      <trkpt lat="31.156888939440250396728515625" lon="121.4688283391296863555908203125">
        <ele>13</ele>
        <time>2026-02-18T09:19:41.000Z</time>
        <extensions>
          <ns3:TrackPointExtension>
            <ns3:atemp>17.0</ns3:atemp>
            <ns3:hr>128</ns3:hr>
          </ns3:TrackPointExtension>
        </extensions>
      </trkpt>
      <trkpt lat="31.15697720088064670562744140625" lon="121.468901932239532470703125">
        <ele>13</ele>
        <time>2026-02-18T09:19:49.000Z</time>
        <extensions>
          <ns3:TrackPointExtension>
            <ns3:atemp>17.0</ns3:atemp>
            <ns3:hr>131</ns3:hr>
          </ns3:TrackPointExtension>
        </extensions>
      </trkpt>
      <trkpt lat="31.156993210315704345703125" lon="121.46896253339946269989013671875">
        <ele>13</ele>
        <time>2026-02-18T09:19:53.000Z</time>
        <extensions>
          <ns3:TrackPointExtension>
            <ns3:atemp>17.0</ns3:atemp>
            <ns3:hr>130</ns3:hr>
          </ns3:TrackPointExtension>
        </extensions>
      </trkpt>
      <trkpt lat="31.15700217895209789276123046875" lon="121.4689917862415313720703125">
        <ele>13</ele>
        <time>2026-02-18T09:19:56.000Z</time>
        <extensions>
          <ns3:TrackPointExtension>
            <ns3:atemp>17.0</ns3:atemp>
            <ns3:hr>131</ns3:hr>
          </ns3:TrackPointExtension>
        </extensions>
      </trkpt>
      <trkpt lat="31.157006956636905670166015625" lon="121.4690174348652362823486328125">
        <ele>13</ele>
        <time>2026-02-18T09:19:58.000Z</time>
        <extensions>
          <ns3:TrackPointExtension>
            <ns3:atemp>17.0</ns3:atemp>
            <ns3:hr>130</ns3:hr>
          </ns3:TrackPointExtension>
        </extensions>
      </trkpt>
      <trkpt lat="31.15700704045593738555908203125" lon="121.4690172672271728515625">
        <ele>13</ele>
        <time>2026-02-18T09:20:05.000Z</time>
        <extensions>
          <ns3:TrackPointExtension>
            <ns3:atemp>17.0</ns3:atemp>
            <ns3:hr>130</ns3:hr>
          </ns3:TrackPointExtension>
        </extensions>
      </trkpt>
      <trkpt lat="31.15700419060885906219482421875" lon="121.46902053616940975189208984375">
        <ele>13</ele>
        <time>2026-02-18T09:20:10.000Z</time>
        <extensions>
          <ns3:TrackPointExtension>
            <ns3:atemp>17.0</ns3:atemp>
            <ns3:hr>126</ns3:hr>
          </ns3:TrackPointExtension>
        </extensions>
      </trkpt>
      <trkpt lat="31.15700419060885906219482421875" lon="121.46902053616940975189208984375">
        <ele>13</ele>
        <time>2026-02-18T09:20:14.000Z</time>
        <extensions>
          <ns3:TrackPointExtension>
            <ns3:atemp>17.0</ns3:atemp>
            <ns3:hr>123</ns3:hr>
          </ns3:TrackPointExtension>
        </extensions>
      </trkpt>
      <trkpt lat="31.15700385533273220062255859375" lon="121.4690204523503780364990234375">
        <ele>13</ele>
        <time>2026-02-18T09:20:16.000Z</time>
        <extensions>
          <ns3:TrackPointExtension>
            <ns3:atemp>17.0</ns3:atemp>
            <ns3:hr>122</ns3:hr>
          </ns3:TrackPointExtension>
        </extensions>
      </trkpt>
      <trkpt lat="31.15700419060885906219482421875" lon="121.46902053616940975189208984375">
        <ele>13</ele>
        <time>2026-02-18T09:20:20.000Z</time>
        <extensions>
          <ns3:TrackPointExtension>
            <ns3:atemp>17.0</ns3:atemp>
            <ns3:hr>119</ns3:hr>
          </ns3:TrackPointExtension>
        </extensions>
      </trkpt>
      <trkpt lat="31.15701022557914257049560546875" lon="121.4690231345593929290771484375">
        <ele>13</ele>
        <time>2026-02-18T09:20:24.000Z</time>
        <extensions>
          <ns3:TrackPointExtension>
            <ns3:atemp>17.0</ns3:atemp>
            <ns3:hr>116</ns3:hr>
          </ns3:TrackPointExtension>
        </extensions>
      </trkpt>
      <trkpt lat="31.15701290778815746307373046875" lon="121.46902405656874179840087890625">
        <ele>13</ele>
        <time>2026-02-18T09:20:27.000Z</time>
        <extensions>
          <ns3:TrackPointExtension>
            <ns3:atemp>17.0</ns3:atemp>
            <ns3:hr>115</ns3:hr>
          </ns3:TrackPointExtension>
        </extensions>
      </trkpt>
      <trkpt lat="31.1570128239691257476806640625" lon="121.46902405656874179840087890625">
        <ele>13</ele>
        <time>2026-02-18T09:20:37.000Z</time>
        <extensions>
          <ns3:TrackPointExtension>
            <ns3:atemp>18.0</ns3:atemp>
            <ns3:hr>112</ns3:hr>
          </ns3:TrackPointExtension>
        </extensions>
      </trkpt>
      <trkpt lat="31.15701290778815746307373046875" lon="121.46902405656874179840087890625">
        <ele>13</ele>
        <time>2026-02-18T09:20:41.000Z</time>
        <extensions>
          <ns3:TrackPointExtension>
            <ns3:atemp>18.0</ns3:atemp>
            <ns3:hr>110</ns3:hr>
          </ns3:TrackPointExtension>
        </extensions>
      </trkpt>
      <trkpt lat="31.1570128239691257476806640625" lon="121.46902405656874179840087890625">
        <ele>13</ele>
        <time>2026-02-18T09:20:45.000Z</time>
        <extensions>
          <ns3:TrackPointExtension>
            <ns3:atemp>18.0</ns3:atemp>
            <ns3:hr>107</ns3:hr>
          </ns3:TrackPointExtension>
        </extensions>
      </trkpt>
      <trkpt lat="31.15701265633106231689453125" lon="121.4690239727497100830078125">
        <ele>13</ele>
        <time>2026-02-18T09:20:48.000Z</time>
        <extensions>
          <ns3:TrackPointExtension>
            <ns3:atemp>18.0</ns3:atemp>
            <ns3:hr>105</ns3:hr>
          </ns3:TrackPointExtension>
        </extensions>
      </trkpt>
      <trkpt lat="31.15701223723590373992919921875" lon="121.46902388893067836761474609375">
        <ele>13</ele>
        <time>2026-02-18T09:20:51.000Z</time>
        <extensions>
          <ns3:TrackPointExtension>
            <ns3:atemp>18.0</ns3:atemp>
            <ns3:hr>106</ns3:hr>
          </ns3:TrackPointExtension>
        </extensions>
      </trkpt>
      <trkpt lat="31.1570332758128643035888671875" lon="121.46900930441915988922119140625">
        <ele>13</ele>
        <time>2026-02-18T09:21:03.000Z</time>
        <extensions>
          <ns3:TrackPointExtension>
            <ns3:atemp>18.0</ns3:atemp>
            <ns3:hr>108</ns3:hr>
          </ns3:TrackPointExtension>
        </extensions>
      </trkpt>
      <trkpt lat="31.15704241208732128143310546875" lon="121.468982063233852386474609375">
        <ele>13</ele>
        <time>2026-02-18T09:21:04.000Z</time>
        <extensions>
          <ns3:TrackPointExtension>
            <ns3:atemp>18.0</ns3:atemp>
            <ns3:hr>108</ns3:hr>
          </ns3:TrackPointExtension>
        </extensions>
      </trkpt>
      <trkpt lat="31.15699832327663898468017578125" lon="121.46889363415539264678955078125">
        <ele>13</ele>
        <time>2026-02-18T09:21:07.000Z</time>
        <extensions>
          <ns3:TrackPointExtension>
            <ns3:atemp>18.0</ns3:atemp>
            <ns3:hr>111</ns3:hr>
          </ns3:TrackPointExtension>
        </extensions>
      </trkpt>
      <trkpt lat="31.1569677293300628662109375" lon="121.46887636743485927581787109375">
        <ele>13</ele>
        <time>2026-02-18T09:21:08.000Z</time>
        <extensions>
          <ns3:TrackPointExtension>
            <ns3:atemp>18.0</ns3:atemp>
            <ns3:hr>111</ns3:hr>
          </ns3:TrackPointExtension>
        </extensions>
      </trkpt>
      <trkpt lat="31.15690662525594234466552734375" lon="121.46885423921048641204833984375">
        <ele>12.80000019073486328125</ele>
        <time>2026-02-18T09:21:10.000Z</time>
        <extensions>
          <ns3:TrackPointExtension>
            <ns3:atemp>18.0</ns3:atemp>
            <ns3:hr>112</ns3:hr>
          </ns3:TrackPointExtension>
        </extensions>
      </trkpt>
      <trkpt lat="31.15683621726930141448974609375" lon="121.46883546374738216400146484375">
        <ele>12.6000003814697265625</ele>
        <time>2026-02-18T09:21:14.000Z</time>
        <extensions>
          <ns3:TrackPointExtension>
            <ns3:atemp>18.0</ns3:atemp>
            <ns3:hr>112</ns3:hr>
          </ns3:TrackPointExtension>
        </extensions>
      </trkpt>
      <trkpt lat="31.15676413290202617645263671875" lon="121.46882389672100543975830078125">
        <ele>12.6000003814697265625</ele>
        <time>2026-02-18T09:21:19.000Z</time>
        <extensions>
          <ns3:TrackPointExtension>
            <ns3:atemp>18.0</ns3:atemp>
            <ns3:hr>112</ns3:hr>
          </ns3:TrackPointExtension>
        </extensions>
      </trkpt>
      <trkpt lat="31.15669908933341503143310546875" lon="121.4687503874301910400390625">
        <ele>12.6000003814697265625</ele>
        <time>2026-02-18T09:21:23.000Z</time>
        <extensions>
          <ns3:TrackPointExtension>
            <ns3:atemp>18.0</ns3:atemp>
            <ns3:hr>112</ns3:hr>
          </ns3:TrackPointExtension>
        </extensions>
      </trkpt>
      <trkpt lat="31.1567075550556182861328125" lon="121.4687163569033145904541015625">
        <ele>12.6000003814697265625</ele>
        <time>2026-02-18T09:21:24.000Z</time>
        <extensions>
          <ns3:TrackPointExtension>
            <ns3:atemp>18.0</ns3:atemp>
            <ns3:hr>114</ns3:hr>
          </ns3:TrackPointExtension>
        </extensions>
      </trkpt>
      <trkpt lat="31.15674602799117565155029296875" lon="121.46860730834305286407470703125">
        <ele>12.6000003814697265625</ele>
        <time>2026-02-18T09:21:26.000Z</time>
        <extensions>
          <ns3:TrackPointExtension>
            <ns3:atemp>18.0</ns3:atemp>
            <ns3:hr>113</ns3:hr>
          </ns3:TrackPointExtension>
        </extensions>
      </trkpt>
      <trkpt lat="31.156770922243595123291015625" lon="121.46853840909898281097412109375">
        <ele>12.6000003814697265625</ele>
        <time>2026-02-18T09:21:27.000Z</time>
        <extensions>
          <ns3:TrackPointExtension>
            <ns3:atemp>18.0</ns3:atemp>
            <ns3:hr>114</ns3:hr>
          </ns3:TrackPointExtension>
        </extensions>
      </trkpt>
      <trkpt lat="31.15688391029834747314453125" lon="121.46813926286995410919189453125">
        <ele>12.80000019073486328125</ele>
        <time>2026-02-18T09:21:32.000Z</time>
        <extensions>
          <ns3:TrackPointExtension>
            <ns3:atemp>18.0</ns3:atemp>
            <ns3:hr>116</ns3:hr>
          </ns3:TrackPointExtension>
        </extensions>
      </trkpt>
      <trkpt lat="31.15695322863757610321044921875" lon="121.46794631145894527435302734375">
        <ele>12.80000019073486328125</ele>
        <time>2026-02-18T09:21:35.000Z</time>
        <extensions>
          <ns3:TrackPointExtension>
            <ns3:atemp>18.0</ns3:atemp>
            <ns3:hr>116</ns3:hr>
          </ns3:TrackPointExtension>
        </extensions>
      </trkpt>
      <trkpt lat="31.1569913662970066070556640625" lon="121.4678885601460933685302734375">
        <ele>12.80000019073486328125</ele>
        <time>2026-02-18T09:21:36.000Z</time>
        <extensions>
          <ns3:TrackPointExtension>
            <ns3:atemp>18.0</ns3:atemp>
            <ns3:hr>116</ns3:hr>
          </ns3:TrackPointExtension>
        </extensions>
      </trkpt>
      <trkpt lat="31.15702933631837368011474609375" lon="121.4678489975631237030029296875">
        <ele>12.80000019073486328125</ele>
        <time>2026-02-18T09:21:37.000Z</time>
        <extensions>
          <ns3:TrackPointExtension>
            <ns3:atemp>18.0</ns3:atemp>
            <ns3:hr>116</ns3:hr>
          </ns3:TrackPointExtension>
        </extensions>
      </trkpt>
      <trkpt lat="31.15717048756778240203857421875" lon="121.46780163981020450592041015625">
        <ele>12.80000019073486328125</ele>
        <time>2026-02-18T09:21:39.000Z</time>
        <extensions>
          <ns3:TrackPointExtension>
            <ns3:atemp>18.0</ns3:atemp>
            <ns3:hr>116</ns3:hr>
          </ns3:TrackPointExtension>
        </extensions>
      </trkpt>
      <trkpt lat="31.1574693024158477783203125" lon="121.46788981743156909942626953125">
        <ele>13.19999980926513671875</ele>
        <time>2026-02-18T09:21:42.000Z</time>
        <extensions>
          <ns3:TrackPointExtension>
            <ns3:atemp>18.0</ns3:atemp>
            <ns3:hr>117</ns3:hr>
          </ns3:TrackPointExtension>
        </extensions>
      </trkpt>
      <trkpt lat="31.157979257404804229736328125" lon="121.46807522512972354888916015625">
        <ele>13</ele>
        <time>2026-02-18T09:21:47.000Z</time>
        <extensions>
          <ns3:TrackPointExtension>
            <ns3:atemp>18.0</ns3:atemp>
            <ns3:hr>119</ns3:hr>
          </ns3:TrackPointExtension>
        </extensions>
      </trkpt>
      <trkpt lat="31.1583733744919300079345703125" lon="121.46825158037245273590087890625">
        <ele>13</ele>
        <time>2026-02-18T09:21:51.000Z</time>
        <extensions>
          <ns3:TrackPointExtension>
            <ns3:atemp>18.0</ns3:atemp>
            <ns3:hr>122</ns3:hr>
          </ns3:TrackPointExtension>
        </extensions>
      </trkpt>
      <trkpt lat="31.15850253961980342864990234375" lon="121.468310840427875518798828125">
        <ele>12.6000003814697265625</ele>
        <time>2026-02-18T09:21:53.000Z</time>
        <extensions>
          <ns3:TrackPointExtension>
            <ns3:atemp>18.0</ns3:atemp>
            <ns3:hr>122</ns3:hr>
          </ns3:TrackPointExtension>
        </extensions>
      </trkpt>
      <trkpt lat="31.15876950323581695556640625" lon="121.46847671829164028167724609375">
        <ele>12.3999996185302734375</ele>
        <time>2026-02-18T09:21:58.000Z</time>
        <extensions>
          <ns3:TrackPointExtension>
            <ns3:atemp>18.0</ns3:atemp>
            <ns3:hr>122</ns3:hr>
          </ns3:TrackPointExtension>
        </extensions>
      </trkpt>
      <trkpt lat="31.15885491482913494110107421875" lon="121.4685366488993167877197265625">
        <ele>12.19999980926513671875</ele>
        <time>2026-02-18T09:22:02.000Z</time>
        <extensions>
          <ns3:TrackPointExtension>
            <ns3:atemp>18.0</ns3:atemp>
            <ns3:hr>118</ns3:hr>
          </ns3:TrackPointExtension>
        </extensions>
      </trkpt>
      <trkpt lat="31.1588555015623569488525390625" lon="121.468537151813507080078125">
        <ele>12</ele>
        <time>2026-02-18T09:22:06.000Z</time>
        <extensions>
          <ns3:TrackPointExtension>
            <ns3:atemp>18.0</ns3:atemp>
            <ns3:hr>116</ns3:hr>
          </ns3:TrackPointExtension>
        </extensions>
      </trkpt>
      <trkpt lat="31.1588555015623569488525390625" lon="121.468537151813507080078125">
        <ele>12</ele>
        <time>2026-02-18T09:22:08.000Z</time>
        <extensions>
          <ns3:TrackPointExtension>
            <ns3:atemp>18.0</ns3:atemp>
            <ns3:hr>113</ns3:hr>
          </ns3:TrackPointExtension>
        </extensions>
      </trkpt>
      <trkpt lat="31.1588555015623569488525390625" lon="121.468537151813507080078125">
        <ele>12</ele>
        <time>2026-02-18T09:22:09.000Z</time>
        <extensions>
          <ns3:TrackPointExtension>
            <ns3:atemp>18.0</ns3:atemp>
            <ns3:hr>109</ns3:hr>
          </ns3:TrackPointExtension>
        </extensions>
      </trkpt>
      <trkpt lat="31.1588555015623569488525390625" lon="121.468537151813507080078125">
        <ele>12</ele>
        <time>2026-02-18T09:22:11.000Z</time>
        <extensions>
          <ns3:TrackPointExtension>
            <ns3:atemp>18.0</ns3:atemp>
            <ns3:hr>105</ns3:hr>
          </ns3:TrackPointExtension>
        </extensions>
      </trkpt>
      <trkpt lat="31.1588555015623569488525390625" lon="121.468537151813507080078125">
        <ele>12</ele>
        <time>2026-02-18T09:22:14.000Z</time>
        <extensions>
          <ns3:TrackPointExtension>
            <ns3:atemp>18.0</ns3:atemp>
            <ns3:hr>102</ns3:hr>
          </ns3:TrackPointExtension>
        </extensions>
      </trkpt>
      <trkpt lat="31.1588555015623569488525390625" lon="121.468537151813507080078125">
        <ele>12</ele>
        <time>2026-02-18T09:22:15.000Z</time>
        <extensions>
          <ns3:TrackPointExtension>
            <ns3:atemp>18.0</ns3:atemp>
            <ns3:hr>99</ns3:hr>
          </ns3:TrackPointExtension>
        </extensions>
      </trkpt>
      <trkpt lat="31.1588568426668643951416015625" lon="121.46853807382285594940185546875">
        <ele>11.80000019073486328125</ele>
        <time>2026-02-18T09:22:18.000Z</time>
        <extensions>
          <ns3:TrackPointExtension>
            <ns3:atemp>18.0</ns3:atemp>
            <ns3:hr>96</ns3:hr>
          </ns3:TrackPointExtension>
        </extensions>
      </trkpt>
      <trkpt lat="31.15896102972328662872314453125" lon="121.46862122230231761932373046875">
        <ele>12</ele>
        <time>2026-02-18T09:22:22.000Z</time>
        <extensions>
          <ns3:TrackPointExtension>
            <ns3:atemp>18.0</ns3:atemp>
            <ns3:hr>94</ns3:hr>
          </ns3:TrackPointExtension>
        </extensions>
      </trkpt>
      <trkpt lat="31.15905842743813991546630859375" lon="121.4687069691717624664306640625">
        <ele>12.19999980926513671875</ele>
        <time>2026-02-18T09:22:24.000Z</time>
        <extensions>
          <ns3:TrackPointExtension>
            <ns3:atemp>19.0</ns3:atemp>
            <ns3:hr>97</ns3:hr>
          </ns3:TrackPointExtension>
        </extensions>
      </trkpt>
      <trkpt lat="31.159180216491222381591796875" lon="121.4688347093760967254638671875">
        <ele>12.19999980926513671875</ele>
        <time>2026-02-18T09:22:26.000Z</time>
        <extensions>
          <ns3:TrackPointExtension>
            <ns3:atemp>19.0</ns3:atemp>
            <ns3:hr>98</ns3:hr>
          </ns3:TrackPointExtension>
        </extensions>
      </trkpt>
      <trkpt lat="31.159460842609405517578125" lon="121.46919672377407550811767578125">
        <ele>12.80000019073486328125</ele>
        <time>2026-02-18T09:22:30.000Z</time>
        <extensions>
          <ns3:TrackPointExtension>
            <ns3:atemp>19.0</ns3:atemp>
            <ns3:hr>100</ns3:hr>
          </ns3:TrackPointExtension>
        </extensions>
      </trkpt>
      <trkpt lat="31.1596893332898616790771484375" lon="121.46967767737805843353271484375">
        <ele>13.19999980926513671875</ele>
        <time>2026-02-18T09:22:34.000Z</time>
        <extensions>
          <ns3:TrackPointExtension>
            <ns3:atemp>19.0</ns3:atemp>
            <ns3:hr>102</ns3:hr>
          </ns3:TrackPointExtension>
        </extensions>
      </trkpt>
      <trkpt lat="31.15976569242775440216064453125" lon="121.4699156396090984344482421875">
        <ele>15.3999996185302734375</ele>
        <time>2026-02-18T09:22:36.000Z</time>
        <extensions>
          <ns3:TrackPointExtension>
            <ns3:atemp>19.0</ns3:atemp>
            <ns3:hr>102</ns3:hr>
          </ns3:TrackPointExtension>
        </extensions>
      </trkpt>
      <trkpt lat="31.15982905961573123931884765625" lon="121.47013532929122447967529296875">
        <ele>15.3999996185302734375</ele>
        <time>2026-02-18T09:22:38.000Z</time>
        <extensions>
          <ns3:TrackPointExtension>
            <ns3:atemp>19.0</ns3:atemp>
            <ns3:hr>102</ns3:hr>
          </ns3:TrackPointExtension>
        </extensions>
      </trkpt>
      <trkpt lat="31.159956716001033782958984375" lon="121.4705677516758441925048828125">
        <ele>14.3999996185302734375</ele>
        <time>2026-02-18T09:22:43.000Z</time>
        <extensions>
          <ns3:TrackPointExtension>
            <ns3:atemp>19.0</ns3:atemp>
            <ns3:hr>103</ns3:hr>
          </ns3:TrackPointExtension>
        </extensions>
      </trkpt>
      <trkpt lat="31.1599830351769924163818359375" lon="121.470657773315906524658203125">
        <ele>13</ele>
        <time>2026-02-18T09:22:45.000Z</time>
        <extensions>
          <ns3:TrackPointExtension>
            <ns3:atemp>19.0</ns3:atemp>
            <ns3:hr>103</ns3:hr>
          </ns3:TrackPointExtension>
        </extensions>
      </trkpt>
      <trkpt lat="31.1599870584905147552490234375" lon="121.4706686697900295257568359375">
        <ele>12.6000003814697265625</ele>
        <time>2026-02-18T09:22:46.000Z</time>
        <extensions>
          <ns3:TrackPointExtension>
            <ns3:atemp>19.0</ns3:atemp>
            <ns3:hr>103</ns3:hr>
          </ns3:TrackPointExtension>
        </extensions>
      </trkpt>
      <trkpt lat="31.159986555576324462890625" lon="121.470665149390697479248046875">
        <ele>11.80000019073486328125</ele>
        <time>2026-02-18T09:22:48.000Z</time>
        <extensions>
          <ns3:TrackPointExtension>
            <ns3:atemp>19.0</ns3:atemp>
            <ns3:hr>103</ns3:hr>
          </ns3:TrackPointExtension>
        </extensions>
      </trkpt>
      <trkpt lat="31.159986555576324462890625" lon="121.470665149390697479248046875">
        <ele>11.6000003814697265625</ele>
        <time>2026-02-18T09:22:49.000Z</time>
        <extensions>
          <ns3:TrackPointExtension>
            <ns3:atemp>19.0</ns3:atemp>
            <ns3:hr>101</ns3:hr>
          </ns3:TrackPointExtension>
        </extensions>
      </trkpt>
      <trkpt lat="31.159986555576324462890625" lon="121.470665149390697479248046875">
        <ele>11.6000003814697265625</ele>
        <time>2026-02-18T09:22:51.000Z</time>
        <extensions>
          <ns3:TrackPointExtension>
            <ns3:atemp>19.0</ns3:atemp>
            <ns3:hr>104</ns3:hr>
          </ns3:TrackPointExtension>
        </extensions>
      </trkpt>
      <trkpt lat="31.159986555576324462890625" lon="121.470665149390697479248046875">
        <ele>11.6000003814697265625</ele>
        <time>2026-02-18T09:23:02.000Z</time>
        <extensions>
          <ns3:TrackPointExtension>
            <ns3:atemp>19.0</ns3:atemp>
            <ns3:hr>104</ns3:hr>
          </ns3:TrackPointExtension>
        </extensions>
      </trkpt>
      <trkpt lat="31.159986555576324462890625" lon="121.47066540084779262542724609375">
        <ele>11.6000003814697265625</ele>
        <time>2026-02-18T09:23:08.000Z</time>
        <extensions>
          <ns3:TrackPointExtension>
            <ns3:atemp>19.0</ns3:atemp>
            <ns3:hr>107</ns3:hr>
          </ns3:TrackPointExtension>
        </extensions>
      </trkpt>
      <trkpt lat="31.159986555576324462890625" lon="121.470665149390697479248046875">
        <ele>11.6000003814697265625</ele>
        <time>2026-02-18T09:23:11.000Z</time>
        <extensions>
          <ns3:TrackPointExtension>
            <ns3:atemp>19.0</ns3:atemp>
            <ns3:hr>110</ns3:hr>
          </ns3:TrackPointExtension>
        </extensions>
      </trkpt>
      <trkpt lat="31.159986555576324462890625" lon="121.4706654846668243408203125">
        <ele>11.6000003814697265625</ele>
        <time>2026-02-18T09:23:13.000Z</time>
        <extensions>
          <ns3:TrackPointExtension>
            <ns3:atemp>19.0</ns3:atemp>
            <ns3:hr>107</ns3:hr>
          </ns3:TrackPointExtension>
        </extensions>
      </trkpt>
      <trkpt lat="31.159986555576324462890625" lon="121.470665149390697479248046875">
        <ele>11.6000003814697265625</ele>
        <time>2026-02-18T09:23:16.000Z</time>
        <extensions>
          <ns3:TrackPointExtension>
            <ns3:atemp>19.0</ns3:atemp>
            <ns3:hr>104</ns3:hr>
          </ns3:TrackPointExtension>
        </extensions>
      </trkpt>
      <trkpt lat="31.159986555576324462890625" lon="121.470665149390697479248046875">
        <ele>11.6000003814697265625</ele>
        <time>2026-02-18T09:23:18.000Z</time>
        <extensions>
          <ns3:TrackPointExtension>
            <ns3:atemp>19.0</ns3:atemp>
            <ns3:hr>101</ns3:hr>
          </ns3:TrackPointExtension>
        </extensions>
      </trkpt>
      <trkpt lat="31.159986555576324462890625" lon="121.47066523320972919464111328125">
        <ele>11.6000003814697265625</ele>
        <time>2026-02-18T09:23:20.000Z</time>
        <extensions>
          <ns3:TrackPointExtension>
            <ns3:atemp>19.0</ns3:atemp>
            <ns3:hr>99</ns3:hr>
          </ns3:TrackPointExtension>
        </extensions>
      </trkpt>
      <trkpt lat="31.159986555576324462890625" lon="121.47066540084779262542724609375">
        <ele>11.6000003814697265625</ele>
        <time>2026-02-18T09:23:21.000Z</time>
        <extensions>
          <ns3:TrackPointExtension>
            <ns3:atemp>19.0</ns3:atemp>
            <ns3:hr>95</ns3:hr>
          </ns3:TrackPointExtension>
        </extensions>
      </trkpt>
      <trkpt lat="31.159986555576324462890625" lon="121.470665149390697479248046875">
        <ele>11.6000003814697265625</ele>
        <time>2026-02-18T09:23:23.000Z</time>
        <extensions>
          <ns3:TrackPointExtension>
            <ns3:atemp>19.0</ns3:atemp>
            <ns3:hr>92</ns3:hr>
          </ns3:TrackPointExtension>
        </extensions>
      </trkpt>
      <trkpt lat="31.159986555576324462890625" lon="121.470665149390697479248046875">
        <ele>11.6000003814697265625</ele>
        <time>2026-02-18T09:23:25.000Z</time>
        <extensions>
          <ns3:TrackPointExtension>
            <ns3:atemp>19.0</ns3:atemp>
            <ns3:hr>89</ns3:hr>
          </ns3:TrackPointExtension>
        </extensions>
      </trkpt>
      <trkpt lat="31.159986555576324462890625" lon="121.470665149390697479248046875">
        <ele>11.6000003814697265625</ele>
        <time>2026-02-18T09:23:27.000Z</time>
        <extensions>
          <ns3:TrackPointExtension>
            <ns3:atemp>19.0</ns3:atemp>
            <ns3:hr>84</ns3:hr>
          </ns3:TrackPointExtension>
        </extensions>
      </trkpt>
      <trkpt lat="31.159986555576324462890625" lon="121.470665149390697479248046875">
        <ele>11.6000003814697265625</ele>
        <time>2026-02-18T09:23:28.000Z</time>
        <extensions>
          <ns3:TrackPointExtension>
            <ns3:atemp>19.0</ns3:atemp>
            <ns3:hr>81</ns3:hr>
          </ns3:TrackPointExtension>
        </extensions>
      </trkpt>
      <trkpt lat="31.15998663939535617828369140625" lon="121.47066615521907806396484375">
        <ele>11.6000003814697265625</ele>
        <time>2026-02-18T09:23:32.000Z</time>
        <extensions>
          <ns3:TrackPointExtension>
            <ns3:atemp>19.0</ns3:atemp>
            <ns3:hr>77</ns3:hr>
          </ns3:TrackPointExtension>
        </extensions>
      </trkpt>
      <trkpt lat="31.159991919994354248046875" lon="121.47067914716899394989013671875">
        <ele>11.6000003814697265625</ele>
        <time>2026-02-18T09:23:34.000Z</time>
        <extensions>
          <ns3:TrackPointExtension>
            <ns3:atemp>19.0</ns3:atemp>
            <ns3:hr>73</ns3:hr>
          </ns3:TrackPointExtension>
        </extensions>
      </trkpt>
      <trkpt lat="31.16000072099268436431884765625" lon="121.47072507999837398529052734375">
        <ele>11.6000003814697265625</ele>
        <time>2026-02-18T09:23:36.000Z</time>
        <extensions>
          <ns3:TrackPointExtension>
            <ns3:atemp>19.0</ns3:atemp>
            <ns3:hr>71</ns3:hr>
          </ns3:TrackPointExtension>
        </extensions>
      </trkpt>
      <trkpt lat="31.16005822084844112396240234375" lon="121.47093697451055049896240234375">
        <ele>11.80000019073486328125</ele>
        <time>2026-02-18T09:23:40.000Z</time>
        <extensions>
          <ns3:TrackPointExtension>
            <ns3:atemp>19.0</ns3:atemp>
            <ns3:hr>70</ns3:hr>
          </ns3:TrackPointExtension>
        </extensions>
      </trkpt>
      <trkpt lat="31.16011018864810466766357421875" lon="121.47110042162239551544189453125">
        <ele>12.80000019073486328125</ele>
        <time>2026-02-18T09:23:42.000Z</time>
        <extensions>
          <ns3:TrackPointExtension>
            <ns3:atemp>19.0</ns3:atemp>
            <ns3:hr>71</ns3:hr>
          </ns3:TrackPointExtension>
        </extensions>
      </trkpt>
      <trkpt lat="31.16014958359301090240478515625" lon="121.471176445484161376953125">
        <ele>13</ele>
        <time>2026-02-18T09:23:43.000Z</time>
        <extensions>
          <ns3:TrackPointExtension>
            <ns3:atemp>19.0</ns3:atemp>
            <ns3:hr>71</ns3:hr>
          </ns3:TrackPointExtension>
        </extensions>
      </trkpt>
      <trkpt lat="31.16019375622272491455078125" lon="121.4712429977953433990478515625">
        <ele>13</ele>
        <time>2026-02-18T09:23:44.000Z</time>
        <extensions>
          <ns3:TrackPointExtension>
            <ns3:atemp>19.0</ns3:atemp>
            <ns3:hr>71</ns3:hr>
          </ns3:TrackPointExtension>
        </extensions>
      </trkpt>
      <trkpt lat="31.16025142371654510498046875" lon="121.47130024619400501251220703125">
        <ele>13</ele>
        <time>2026-02-18T09:23:45.000Z</time>
        <extensions>
          <ns3:TrackPointExtension>
            <ns3:atemp>19.0</ns3:atemp>
            <ns3:hr>71</ns3:hr>
          </ns3:TrackPointExtension>
        </extensions>
      </trkpt>
      <trkpt lat="31.16039550863206386566162109375" lon="121.4713590033352375030517578125">
        <ele>13.19999980926513671875</ele>
        <time>2026-02-18T09:23:47.000Z</time>
        <extensions>
          <ns3:TrackPointExtension>
            <ns3:atemp>19.0</ns3:atemp>
            <ns3:hr>71</ns3:hr>
          </ns3:TrackPointExtension>
        </extensions>
      </trkpt>
      <trkpt lat="31.16058401763439178466796875" lon="121.4713351987302303314208984375">
        <ele>14</ele>
        <time>2026-02-18T09:23:49.000Z</time>
        <extensions>
          <ns3:TrackPointExtension>
            <ns3:atemp>19.0</ns3:atemp>
            <ns3:hr>72</ns3:hr>
          </ns3:TrackPointExtension>
        </extensions>
      </trkpt>
      <trkpt lat="31.16069105453789234161376953125" lon="121.4713036827743053436279296875">
        <ele>14.6000003814697265625</ele>
        <time>2026-02-18T09:23:50.000Z</time>
        <extensions>
          <ns3:TrackPointExtension>
            <ns3:atemp>19.0</ns3:atemp>
            <ns3:hr>72</ns3:hr>
          </ns3:TrackPointExtension>
        </extensions>
      </trkpt>
      <trkpt lat="31.160817034542560577392578125" lon="121.4712731726467609405517578125">
        <ele>15.80000019073486328125</ele>
        <time>2026-02-18T09:23:51.000Z</time>
        <extensions>
          <ns3:TrackPointExtension>
            <ns3:atemp>19.0</ns3:atemp>
            <ns3:hr>72</ns3:hr>
          </ns3:TrackPointExtension>
        </extensions>
      </trkpt>
      <trkpt lat="31.16095039062201976776123046875" lon="121.4712433330714702606201171875">
        <ele>17</ele>
        <time>2026-02-18T09:23:52.000Z</time>
        <extensions>
          <ns3:TrackPointExtension>
            <ns3:atemp>19.0</ns3:atemp>
            <ns3:hr>72</ns3:hr>
          </ns3:TrackPointExtension>
        </extensions>
      </trkpt>
      <trkpt lat="31.16108869202435016632080078125" lon="121.4712201990187168121337890625">
        <ele>17.799999237060546875</ele>
        <time>2026-02-18T09:23:53.000Z</time>
        <extensions>
          <ns3:TrackPointExtension>
            <ns3:atemp>19.0</ns3:atemp>
            <ns3:hr>73</ns3:hr>
          </ns3:TrackPointExtension>
        </extensions>
      </trkpt>
      <trkpt lat="31.16122908890247344970703125" lon="121.471194215118885040283203125">
        <ele>18.200000762939453125</ele>
        <time>2026-02-18T09:23:54.000Z</time>
        <extensions>
          <ns3:TrackPointExtension>
            <ns3:atemp>19.0</ns3:atemp>
            <ns3:hr>73</ns3:hr>
          </ns3:TrackPointExtension>
        </extensions>
      </trkpt>
      <trkpt lat="31.161633096635341644287109375" lon="121.4711243100464344024658203125">
        <ele>19.200000762939453125</ele>
        <time>2026-02-18T09:23:57.000Z</time>
        <extensions>
          <ns3:TrackPointExtension>
            <ns3:atemp>19.0</ns3:atemp>
            <ns3:hr>73</ns3:hr>
          </ns3:TrackPointExtension>
        </extensions>
      </trkpt>
      <trkpt lat="31.16177198477089405059814453125" lon="121.47110092453658580780029296875">
        <ele>19.3999996185302734375</ele>
        <time>2026-02-18T09:23:58.000Z</time>
        <extensions>
          <ns3:TrackPointExtension>
            <ns3:atemp>19.0</ns3:atemp>
            <ns3:hr>73</ns3:hr>
          </ns3:TrackPointExtension>
        </extensions>
      </trkpt>
      <trkpt lat="31.16218823008239269256591796875" lon="121.4710421673953533172607421875">
        <ele>21</ele>
        <time>2026-02-18T09:24:01.000Z</time>
        <extensions>
          <ns3:TrackPointExtension>
            <ns3:atemp>19.0</ns3:atemp>
            <ns3:hr>72</ns3:hr>
          </ns3:TrackPointExtension>
        </extensions>
      </trkpt>
      <trkpt lat="31.1623303033411502838134765625" lon="121.4710249006748199462890625">
        <ele>22</ele>
        <time>2026-02-18T09:24:02.000Z</time>
        <extensions>
          <ns3:TrackPointExtension>
            <ns3:atemp>19.0</ns3:atemp>
            <ns3:hr>73</ns3:hr>
          </ns3:TrackPointExtension>
        </extensions>
      </trkpt>
      <trkpt lat="31.1624748073518276214599609375" lon="121.4710049517452716827392578125">
        <ele>22.799999237060546875</ele>
        <time>2026-02-18T09:24:03.000Z</time>
        <extensions>
          <ns3:TrackPointExtension>
            <ns3:atemp>19.0</ns3:atemp>
            <ns3:hr>74</ns3:hr>
          </ns3:TrackPointExtension>
        </extensions>
      </trkpt>
      <trkpt lat="31.16277043707668781280517578125" lon="121.47095005027949810028076171875">
        <ele>24.3999996185302734375</ele>
        <time>2026-02-18T09:24:05.000Z</time>
        <extensions>
          <ns3:TrackPointExtension>
            <ns3:atemp>19.0</ns3:atemp>
            <ns3:hr>76</ns3:hr>
          </ns3:TrackPointExtension>
        </extensions>
      </trkpt>
      <trkpt lat="31.163225658237934112548828125" lon="121.4708741940557956695556640625">
        <ele>26</ele>
        <time>2026-02-18T09:24:08.000Z</time>
        <extensions>
          <ns3:TrackPointExtension>
            <ns3:atemp>19.0</ns3:atemp>
            <ns3:hr>75</ns3:hr>
          </ns3:TrackPointExtension>
        </extensions>
      </trkpt>
      <trkpt lat="31.16337695159018039703369140625" lon="121.4708480425179004669189453125">
        <ele>27.200000762939453125</ele>
        <time>2026-02-18T09:24:09.000Z</time>
        <extensions>
          <ns3:TrackPointExtension>
            <ns3:atemp>19.0</ns3:atemp>
            <ns3:hr>76</ns3:hr>
          </ns3:TrackPointExtension>
        </extensions>
      </trkpt>
      <trkpt lat="31.16369345225393772125244140625" lon="121.4708061330020427703857421875">
        <ele>28.6000003814697265625</ele>
        <time>2026-02-18T09:24:11.000Z</time>
        <extensions>
          <ns3:TrackPointExtension>
            <ns3:atemp>19.0</ns3:atemp>
            <ns3:hr>76</ns3:hr>
          </ns3:TrackPointExtension>
        </extensions>
      </trkpt>
      <trkpt lat="31.1640224419534206390380859375" lon="121.4707566797733306884765625">
        <ele>29.3999996185302734375</ele>
        <time>2026-02-18T09:24:13.000Z</time>
        <extensions>
          <ns3:TrackPointExtension>
            <ns3:atemp>19.0</ns3:atemp>
            <ns3:hr>80</ns3:hr>
          </ns3:TrackPointExtension>
        </extensions>
      </trkpt>
      <trkpt lat="31.16418999619781970977783203125" lon="121.470731534063816070556640625">
        <ele>29.3999996185302734375</ele>
        <time>2026-02-18T09:24:14.000Z</time>
        <extensions>
          <ns3:TrackPointExtension>
            <ns3:atemp>19.0</ns3:atemp>
            <ns3:hr>80</ns3:hr>
          </ns3:TrackPointExtension>
        </extensions>
      </trkpt>
      <trkpt lat="31.1648311279714107513427734375" lon="121.47062717936933040618896484375">
        <ele>27.799999237060546875</ele>
        <time>2026-02-18T09:24:18.000Z</time>
        <extensions>
          <ns3:TrackPointExtension>
            <ns3:atemp>19.0</ns3:atemp>
            <ns3:hr>84</ns3:hr>
          </ns3:TrackPointExtension>
        </extensions>
      </trkpt>
      <trkpt lat="31.16498694755136966705322265625" lon="121.47060538642108440399169921875">
        <ele>26.200000762939453125</ele>
        <time>2026-02-18T09:24:19.000Z</time>
        <extensions>
          <ns3:TrackPointExtension>
            <ns3:atemp>19.0</ns3:atemp>
            <ns3:hr>84</ns3:hr>
          </ns3:TrackPointExtension>
        </extensions>
      </trkpt>
      <trkpt lat="31.165291965007781982421875" lon="121.470556519925594329833984375">
        <ele>25</ele>
        <time>2026-02-18T09:24:21.000Z</time>
        <extensions>
          <ns3:TrackPointExtension>
            <ns3:atemp>20.0</ns3:atemp>
            <ns3:hr>85</ns3:hr>
          </ns3:TrackPointExtension>
        </extensions>
      </trkpt>
      <trkpt lat="31.165406964719295501708984375" lon="121.4705439470708370208740234375">
        <ele>24.3999996185302734375</ele>
        <time>2026-02-18T09:24:22.000Z</time>
        <extensions>
          <ns3:TrackPointExtension>
            <ns3:atemp>19.0</ns3:atemp>
            <ns3:hr>85</ns3:hr>
          </ns3:TrackPointExtension>
        </extensions>
      </trkpt>
      <trkpt lat="31.1656998284161090850830078125" lon="121.4705087430775165557861328125">
        <ele>23.200000762939453125</ele>
        <time>2026-02-18T09:24:24.000Z</time>
        <extensions>
          <ns3:TrackPointExtension>
            <ns3:atemp>20.0</ns3:atemp>
            <ns3:hr>86</ns3:hr>
          </ns3:TrackPointExtension>
        </extensions>
      </trkpt>
      <trkpt lat="31.1658024229109287261962890625" lon="121.47049122489988803863525390625">
        <ele>21.3999996185302734375</ele>
        <time>2026-02-18T09:24:25.000Z</time>
        <extensions>
          <ns3:TrackPointExtension>
            <ns3:atemp>20.0</ns3:atemp>
            <ns3:hr>87</ns3:hr>
          </ns3:TrackPointExtension>
        </extensions>
      </trkpt>
      <trkpt lat="31.16606519557535648345947265625" lon="121.4704450406134128570556640625">
        <ele>20.200000762939453125</ele>
        <time>2026-02-18T09:24:27.000Z</time>
        <extensions>
          <ns3:TrackPointExtension>
            <ns3:atemp>20.0</ns3:atemp>
            <ns3:hr>87</ns3:hr>
          </ns3:TrackPointExtension>
        </extensions>
      </trkpt>
      <trkpt lat="31.166150271892547607421875" lon="121.4704323001205921173095703125">
        <ele>18</ele>
        <time>2026-02-18T09:24:28.000Z</time>
        <extensions>
          <ns3:TrackPointExtension>
            <ns3:atemp>20.0</ns3:atemp>
            <ns3:hr>87</ns3:hr>
          </ns3:TrackPointExtension>
        </extensions>
      </trkpt>
      <trkpt lat="31.1662741564214229583740234375" lon="121.4704125188291072845458984375">
        <ele>16.6000003814697265625</ele>
        <time>2026-02-18T09:24:29.000Z</time>
        <extensions>
          <ns3:TrackPointExtension>
            <ns3:atemp>20.0</ns3:atemp>
            <ns3:hr>86</ns3:hr>
          </ns3:TrackPointExtension>
        </extensions>
      </trkpt>
      <trkpt lat="31.166434586048126220703125" lon="121.4703840203583240509033203125">
        <ele>15</ele>
        <time>2026-02-18T09:24:31.000Z</time>
        <extensions>
          <ns3:TrackPointExtension>
            <ns3:atemp>20.0</ns3:atemp>
            <ns3:hr>85</ns3:hr>
          </ns3:TrackPointExtension>
        </extensions>
      </trkpt>
      <trkpt lat="31.166531145572662353515625" lon="121.47037186659872531890869140625">
        <ele>13.3999996185302734375</ele>
        <time>2026-02-18T09:24:33.000Z</time>
        <extensions>
          <ns3:TrackPointExtension>
            <ns3:atemp>20.0</ns3:atemp>
            <ns3:hr>84</ns3:hr>
          </ns3:TrackPointExtension>
        </extensions>
      </trkpt>
      <trkpt lat="31.16655469872057437896728515625" lon="121.4703696034848690032958984375">
        <ele>12.80000019073486328125</ele>
        <time>2026-02-18T09:24:34.000Z</time>
        <extensions>
          <ns3:TrackPointExtension>
            <ns3:atemp>20.0</ns3:atemp>
            <ns3:hr>83</ns3:hr>
          </ns3:TrackPointExtension>
        </extensions>
      </trkpt>
      <trkpt lat="31.16657741367816925048828125" lon="121.47036834619939327239990234375">
        <ele>12.3999996185302734375</ele>
        <time>2026-02-18T09:24:35.000Z</time>
        <extensions>
          <ns3:TrackPointExtension>
            <ns3:atemp>20.0</ns3:atemp>
            <ns3:hr>84</ns3:hr>
          </ns3:TrackPointExtension>
        </extensions>
      </trkpt>
      <trkpt lat="31.16657280363142490386962890625" lon="121.47036851383745670318603515625">
        <ele>11.6000003814697265625</ele>
        <time>2026-02-18T09:24:37.000Z</time>
        <extensions>
          <ns3:TrackPointExtension>
            <ns3:atemp>20.0</ns3:atemp>
            <ns3:hr>84</ns3:hr>
          </ns3:TrackPointExtension>
        </extensions>
      </trkpt>
      <trkpt lat="31.16657313890755176544189453125" lon="121.47036843001842498779296875">
        <ele>11.6000003814697265625</ele>
        <time>2026-02-18T09:24:44.000Z</time>
        <extensions>
          <ns3:TrackPointExtension>
            <ns3:atemp>20.0</ns3:atemp>
            <ns3:hr>80</ns3:hr>
          </ns3:TrackPointExtension>
        </extensions>
      </trkpt>
      <trkpt lat="31.16657313890755176544189453125" lon="121.47036843001842498779296875">
        <ele>11.6000003814697265625</ele>
        <time>2026-02-18T09:24:45.000Z</time>
        <extensions>
          <ns3:TrackPointExtension>
            <ns3:atemp>20.0</ns3:atemp>
            <ns3:hr>83</ns3:hr>
          </ns3:TrackPointExtension>
        </extensions>
      </trkpt>
      <trkpt lat="31.16657280363142490386962890625" lon="121.47036851383745670318603515625">
        <ele>11.6000003814697265625</ele>
        <time>2026-02-18T09:24:50.000Z</time>
        <extensions>
          <ns3:TrackPointExtension>
            <ns3:atemp>20.0</ns3:atemp>
            <ns3:hr>86</ns3:hr>
          </ns3:TrackPointExtension>
        </extensions>
      </trkpt>
      <trkpt lat="31.16657280363142490386962890625" lon="121.47036851383745670318603515625">
        <ele>11.6000003814697265625</ele>
        <time>2026-02-18T09:24:55.000Z</time>
        <extensions>
          <ns3:TrackPointExtension>
            <ns3:atemp>20.0</ns3:atemp>
            <ns3:hr>87</ns3:hr>
          </ns3:TrackPointExtension>
        </extensions>
      </trkpt>
      <trkpt lat="31.166573055088520050048828125" lon="121.47036843001842498779296875">
        <ele>11.6000003814697265625</ele>
        <time>2026-02-18T09:24:58.000Z</time>
        <extensions>
          <ns3:TrackPointExtension>
            <ns3:atemp>20.0</ns3:atemp>
            <ns3:hr>87</ns3:hr>
          </ns3:TrackPointExtension>
        </extensions>
      </trkpt>
      <trkpt lat="31.166573055088520050048828125" lon="121.47036843001842498779296875">
        <ele>11.80000019073486328125</ele>
        <time>2026-02-18T09:25:01.000Z</time>
        <extensions>
          <ns3:TrackPointExtension>
            <ns3:atemp>20.0</ns3:atemp>
            <ns3:hr>90</ns3:hr>
          </ns3:TrackPointExtension>
        </extensions>
      </trkpt>
      <trkpt lat="31.16657330654561519622802734375" lon="121.47036843001842498779296875">
        <ele>11.80000019073486328125</ele>
        <time>2026-02-18T09:25:03.000Z</time>
        <extensions>
          <ns3:TrackPointExtension>
            <ns3:atemp>20.0</ns3:atemp>
            <ns3:hr>93</ns3:hr>
          </ns3:TrackPointExtension>
        </extensions>
      </trkpt>
      <trkpt lat="31.16657280363142490386962890625" lon="121.47036851383745670318603515625">
        <ele>11.80000019073486328125</ele>
        <time>2026-02-18T09:25:08.000Z</time>
        <extensions>
          <ns3:TrackPointExtension>
            <ns3:atemp>20.0</ns3:atemp>
            <ns3:hr>96</ns3:hr>
          </ns3:TrackPointExtension>
        </extensions>
      </trkpt>
      <trkpt lat="31.1666094325482845306396484375" lon="121.470356695353984832763671875">
        <ele>11.80000019073486328125</ele>
        <time>2026-02-18T09:25:13.000Z</time>
        <extensions>
          <ns3:TrackPointExtension>
            <ns3:atemp>20.0</ns3:atemp>
            <ns3:hr>94</ns3:hr>
          </ns3:TrackPointExtension>
        </extensions>
      </trkpt>
      <trkpt lat="31.16678955964744091033935546875" lon="121.4703193120658397674560546875">
        <ele>12.6000003814697265625</ele>
        <time>2026-02-18T09:25:16.000Z</time>
        <extensions>
          <ns3:TrackPointExtension>
            <ns3:atemp>20.0</ns3:atemp>
            <ns3:hr>93</ns3:hr>
          </ns3:TrackPointExtension>
        </extensions>
      </trkpt>
      <trkpt lat="31.16688058711588382720947265625" lon="121.47030296735465526580810546875">
        <ele>13.3999996185302734375</ele>
        <time>2026-02-18T09:25:17.000Z</time>
        <extensions>
          <ns3:TrackPointExtension>
            <ns3:atemp>20.0</ns3:atemp>
            <ns3:hr>92</ns3:hr>
          </ns3:TrackPointExtension>
        </extensions>
      </trkpt>
      <trkpt lat="31.16708024404942989349365234375" lon="121.4702676795423030853271484375">
        <ele>15</ele>
        <time>2026-02-18T09:25:19.000Z</time>
        <extensions>
          <ns3:TrackPointExtension>
            <ns3:atemp>20.0</ns3:atemp>
            <ns3:hr>91</ns3:hr>
          </ns3:TrackPointExtension>
        </extensions>
      </trkpt>
      <trkpt lat="31.1671923100948333740234375" lon="121.47024798206984996795654296875">
        <ele>16.200000762939453125</ele>
        <time>2026-02-18T09:25:20.000Z</time>
        <extensions>
          <ns3:TrackPointExtension>
            <ns3:atemp>20.0</ns3:atemp>
            <ns3:hr>91</ns3:hr>
          </ns3:TrackPointExtension>
        </extensions>
      </trkpt>
      <trkpt lat="31.16743303835391998291015625" lon="121.4702056534588336944580078125">
        <ele>17.799999237060546875</ele>
        <time>2026-02-18T09:25:22.000Z</time>
        <extensions>
          <ns3:TrackPointExtension>
            <ns3:atemp>20.0</ns3:atemp>
            <ns3:hr>90</ns3:hr>
          </ns3:TrackPointExtension>
        </extensions>
      </trkpt>
      <trkpt lat="31.16756186820566654205322265625" lon="121.47018344141542911529541015625">
        <ele>18</ele>
        <time>2026-02-18T09:25:23.000Z</time>
        <extensions>
          <ns3:TrackPointExtension>
            <ns3:atemp>20.0</ns3:atemp>
            <ns3:hr>89</ns3:hr>
          </ns3:TrackPointExtension>
        </extensions>
      </trkpt>
      <trkpt lat="31.1680903472006320953369140625" lon="121.47009325213730335235595703125">
        <ele>18.3999996185302734375</ele>
        <time>2026-02-18T09:25:27.000Z</time>
        <extensions>
          <ns3:TrackPointExtension>
            <ns3:atemp>20.0</ns3:atemp>
            <ns3:hr>86</ns3:hr>
          </ns3:TrackPointExtension>
        </extensions>
      </trkpt>
      <trkpt lat="31.16835043765604496002197265625" lon="121.4700512588024139404296875">
        <ele>18.200000762939453125</ele>
        <time>2026-02-18T09:25:29.000Z</time>
        <extensions>
          <ns3:TrackPointExtension>
            <ns3:atemp>20.0</ns3:atemp>
            <ns3:hr>85</ns3:hr>
          </ns3:TrackPointExtension>
        </extensions>
      </trkpt>
      <trkpt lat="31.16901126690208911895751953125" lon="121.4699573814868927001953125">
        <ele>18</ele>
        <time>2026-02-18T09:25:34.000Z</time>
        <extensions>
          <ns3:TrackPointExtension>
            <ns3:atemp>20.0</ns3:atemp>
            <ns3:hr>86</ns3:hr>
          </ns3:TrackPointExtension>
        </extensions>
      </trkpt>
      <trkpt lat="31.1694116704165935516357421875" lon="121.4699099399149417877197265625">
        <ele>18</ele>
        <time>2026-02-18T09:25:37.000Z</time>
        <extensions>
          <ns3:TrackPointExtension>
            <ns3:atemp>20.0</ns3:atemp>
            <ns3:hr>89</ns3:hr>
          </ns3:TrackPointExtension>
        </extensions>
      </trkpt>
      <trkpt lat="31.169663965702056884765625" lon="121.4698703773319721221923828125">
        <ele>18</ele>
        <time>2026-02-18T09:25:39.000Z</time>
        <extensions>
          <ns3:TrackPointExtension>
            <ns3:atemp>20.0</ns3:atemp>
            <ns3:hr>89</ns3:hr>
          </ns3:TrackPointExtension>
        </extensions>
      </trkpt>
      <trkpt lat="31.17006973363459110260009765625" lon="121.46981162019073963165283203125">
        <ele>17</ele>
        <time>2026-02-18T09:25:43.000Z</time>
        <extensions>
          <ns3:TrackPointExtension>
            <ns3:atemp>20.0</ns3:atemp>
            <ns3:hr>89</ns3:hr>
          </ns3:TrackPointExtension>
        </extensions>
      </trkpt>
      <trkpt lat="31.17015053518116474151611328125" lon="121.4698405377566814422607421875">
        <ele>16</ele>
        <time>2026-02-18T09:25:44.000Z</time>
        <extensions>
          <ns3:TrackPointExtension>
            <ns3:atemp>20.0</ns3:atemp>
            <ns3:hr>88</ns3:hr>
          </ns3:TrackPointExtension>
        </extensions>
      </trkpt>
      <trkpt lat="31.17022111080586910247802734375" lon="121.46989996545016765594482421875">
        <ele>15.80000019073486328125</ele>
        <time>2026-02-18T09:25:45.000Z</time>
        <extensions>
          <ns3:TrackPointExtension>
            <ns3:atemp>20.0</ns3:atemp>
            <ns3:hr>88</ns3:hr>
          </ns3:TrackPointExtension>
        </extensions>
      </trkpt>
      <trkpt lat="31.1702820472419261932373046875" lon="121.46998621523380279541015625">
        <ele>15.80000019073486328125</ele>
        <time>2026-02-18T09:25:46.000Z</time>
        <extensions>
          <ns3:TrackPointExtension>
            <ns3:atemp>20.0</ns3:atemp>
            <ns3:hr>88</ns3:hr>
          </ns3:TrackPointExtension>
        </extensions>
      </trkpt>
      <trkpt lat="31.1703975498676300048828125" lon="121.47019266150891780853271484375">
        <ele>16.200000762939453125</ele>
        <time>2026-02-18T09:25:48.000Z</time>
        <extensions>
          <ns3:TrackPointExtension>
            <ns3:atemp>20.0</ns3:atemp>
            <ns3:hr>88</ns3:hr>
          </ns3:TrackPointExtension>
        </extensions>
      </trkpt>
      <trkpt lat="31.17045178078114986419677734375" lon="121.47031218744814395904541015625">
        <ele>17.3999996185302734375</ele>
        <time>2026-02-18T09:25:49.000Z</time>
        <extensions>
          <ns3:TrackPointExtension>
            <ns3:atemp>20.0</ns3:atemp>
            <ns3:hr>88</ns3:hr>
          </ns3:TrackPointExtension>
        </extensions>
      </trkpt>
      <trkpt lat="31.1705086939036846160888671875" lon="121.470425426959991455078125">
        <ele>17.3999996185302734375</ele>
        <time>2026-02-18T09:25:50.000Z</time>
        <extensions>
          <ns3:TrackPointExtension>
            <ns3:atemp>20.0</ns3:atemp>
            <ns3:hr>87</ns3:hr>
          </ns3:TrackPointExtension>
        </extensions>
      </trkpt>
      <trkpt lat="31.1707152239978313446044921875" lon="121.4708336256444454193115234375">
        <ele>16</ele>
        <time>2026-02-18T09:25:54.000Z</time>
        <extensions>
          <ns3:TrackPointExtension>
            <ns3:atemp>20.0</ns3:atemp>
            <ns3:hr>87</ns3:hr>
          </ns3:TrackPointExtension>
        </extensions>
      </trkpt>
      <trkpt lat="31.1708034016191959381103515625" lon="121.47101081907749176025390625">
        <ele>15</ele>
        <time>2026-02-18T09:25:56.000Z</time>
        <extensions>
          <ns3:TrackPointExtension>
            <ns3:atemp>20.0</ns3:atemp>
            <ns3:hr>87</ns3:hr>
          </ns3:TrackPointExtension>
        </extensions>
      </trkpt>
      <trkpt lat="31.1708446405827999114990234375" lon="121.47109421901404857635498046875">
        <ele>14.6000003814697265625</ele>
        <time>2026-02-18T09:25:57.000Z</time>
        <extensions>
          <ns3:TrackPointExtension>
            <ns3:atemp>20.0</ns3:atemp>
            <ns3:hr>86</ns3:hr>
          </ns3:TrackPointExtension>
        </extensions>
      </trkpt>
      <trkpt lat="31.17094463668763637542724609375" lon="121.4712917804718017578125">
        <ele>13.80000019073486328125</ele>
        <time>2026-02-18T09:26:00.000Z</time>
        <extensions>
          <ns3:TrackPointExtension>
            <ns3:atemp>20.0</ns3:atemp>
            <ns3:hr>83</ns3:hr>
          </ns3:TrackPointExtension>
        </extensions>
      </trkpt>
      <trkpt lat="31.1709673516452312469482421875" lon="121.47133545018732547760009765625">
        <ele>13</ele>
        <time>2026-02-18T09:26:01.000Z</time>
        <extensions>
          <ns3:TrackPointExtension>
            <ns3:atemp>20.0</ns3:atemp>
            <ns3:hr>83</ns3:hr>
          </ns3:TrackPointExtension>
        </extensions>
      </trkpt>
      <trkpt lat="31.1709800921380519866943359375" lon="121.47135808132588863372802734375">
        <ele>12.6000003814697265625</ele>
        <time>2026-02-18T09:26:02.000Z</time>
        <extensions>
          <ns3:TrackPointExtension>
            <ns3:atemp>20.0</ns3:atemp>
            <ns3:hr>83</ns3:hr>
          </ns3:TrackPointExtension>
        </extensions>
      </trkpt>
      <trkpt lat="31.170967184007167816162109375" lon="121.47135875187814235687255859375">
        <ele>12</ele>
        <time>2026-02-18T09:26:04.000Z</time>
        <extensions>
          <ns3:TrackPointExtension>
            <ns3:atemp>20.0</ns3:atemp>
            <ns3:hr>83</ns3:hr>
          </ns3:TrackPointExtension>
        </extensions>
      </trkpt>
      <trkpt lat="31.17097279988229274749755859375" lon="121.47136076353490352630615234375">
        <ele>11.80000019073486328125</ele>
        <time>2026-02-18T09:26:12.000Z</time>
        <extensions>
          <ns3:TrackPointExtension>
            <ns3:atemp>20.0</ns3:atemp>
            <ns3:hr>83</ns3:hr>
          </ns3:TrackPointExtension>
        </extensions>
      </trkpt>
      <trkpt lat="31.17097347043454647064208984375" lon="121.4713610149919986724853515625">
        <ele>11.80000019073486328125</ele>
        <time>2026-02-18T09:26:23.000Z</time>
        <extensions>
          <ns3:TrackPointExtension>
            <ns3:atemp>20.0</ns3:atemp>
            <ns3:hr>82</ns3:hr>
          </ns3:TrackPointExtension>
        </extensions>
      </trkpt>
      <trkpt lat="31.17097330279648303985595703125" lon="121.47136093117296695709228515625">
        <ele>11.80000019073486328125</ele>
        <time>2026-02-18T09:26:30.000Z</time>
        <extensions>
          <ns3:TrackPointExtension>
            <ns3:atemp>20.0</ns3:atemp>
            <ns3:hr>79</ns3:hr>
          </ns3:TrackPointExtension>
        </extensions>
      </trkpt>
      <trkpt lat="31.17097347043454647064208984375" lon="121.4713610149919986724853515625">
        <ele>11.80000019073486328125</ele>
        <time>2026-02-18T09:26:33.000Z</time>
        <extensions>
          <ns3:TrackPointExtension>
            <ns3:atemp>20.0</ns3:atemp>
            <ns3:hr>78</ns3:hr>
          </ns3:TrackPointExtension>
        </extensions>
      </trkpt>
      <trkpt lat="31.17096860893070697784423828125" lon="121.47135816514492034912109375">
        <ele>11.80000019073486328125</ele>
        <time>2026-02-18T09:26:40.000Z</time>
        <extensions>
          <ns3:TrackPointExtension>
            <ns3:atemp>20.0</ns3:atemp>
            <ns3:hr>78</ns3:hr>
          </ns3:TrackPointExtension>
        </extensions>
      </trkpt>
      <trkpt lat="31.17096860893070697784423828125" lon="121.47135816514492034912109375">
        <ele>11.80000019073486328125</ele>
        <time>2026-02-18T09:26:45.000Z</time>
        <extensions>
          <ns3:TrackPointExtension>
            <ns3:atemp>20.0</ns3:atemp>
            <ns3:hr>81</ns3:hr>
          </ns3:TrackPointExtension>
        </extensions>
      </trkpt>
      <trkpt lat="31.17096860893070697784423828125" lon="121.47135816514492034912109375">
        <ele>11.80000019073486328125</ele>
        <time>2026-02-18T09:26:52.000Z</time>
        <extensions>
          <ns3:TrackPointExtension>
            <ns3:atemp>20.0</ns3:atemp>
            <ns3:hr>82</ns3:hr>
          </ns3:TrackPointExtension>
        </extensions>
      </trkpt>
      <trkpt lat="31.17096860893070697784423828125" lon="121.47135816514492034912109375">
        <ele>11.80000019073486328125</ele>
        <time>2026-02-18T09:27:05.000Z</time>
        <extensions>
          <ns3:TrackPointExtension>
            <ns3:atemp>20.0</ns3:atemp>
            <ns3:hr>82</ns3:hr>
          </ns3:TrackPointExtension>
        </extensions>
      </trkpt>
      <trkpt lat="31.17096860893070697784423828125" lon="121.47135816514492034912109375">
        <ele>11.80000019073486328125</ele>
        <time>2026-02-18T09:27:09.000Z</time>
        <extensions>
          <ns3:TrackPointExtension>
            <ns3:atemp>20.0</ns3:atemp>
            <ns3:hr>79</ns3:hr>
          </ns3:TrackPointExtension>
        </extensions>
      </trkpt>
      <trkpt lat="31.17096860893070697784423828125" lon="121.47135816514492034912109375">
        <ele>11.80000019073486328125</ele>
        <time>2026-02-18T09:27:12.000Z</time>
        <extensions>
          <ns3:TrackPointExtension>
            <ns3:atemp>20.0</ns3:atemp>
            <ns3:hr>76</ns3:hr>
          </ns3:TrackPointExtension>
        </extensions>
      </trkpt>
      <trkpt lat="31.1709914915263652801513671875" lon="121.47140736691653728485107421875">
        <ele>11.80000019073486328125</ele>
        <time>2026-02-18T09:27:17.000Z</time>
        <extensions>
          <ns3:TrackPointExtension>
            <ns3:atemp>20.0</ns3:atemp>
            <ns3:hr>74</ns3:hr>
          </ns3:TrackPointExtension>
        </extensions>
      </trkpt>
      <trkpt lat="31.171018816530704498291015625" lon="121.4714513719081878662109375">
        <ele>10.6000003814697265625</ele>
        <time>2026-02-18T09:27:18.000Z</time>
        <extensions>
          <ns3:TrackPointExtension>
            <ns3:atemp>21.0</ns3:atemp>
            <ns3:hr>74</ns3:hr>
          </ns3:TrackPointExtension>
        </extensions>
      </trkpt>
      <trkpt lat="31.171048991382122039794921875" lon="121.47151264362037181854248046875">
        <ele>10.80000019073486328125</ele>
        <time>2026-02-18T09:27:19.000Z</time>
        <extensions>
          <ns3:TrackPointExtension>
            <ns3:atemp>20.0</ns3:atemp>
            <ns3:hr>74</ns3:hr>
          </ns3:TrackPointExtension>
        </extensions>
      </trkpt>
      <trkpt lat="31.1710867099463939666748046875" lon="121.4715903438627719879150390625">
        <ele>11.19999980926513671875</ele>
        <time>2026-02-18T09:27:20.000Z</time>
        <extensions>
          <ns3:TrackPointExtension>
            <ns3:atemp>21.0</ns3:atemp>
            <ns3:hr>74</ns3:hr>
          </ns3:TrackPointExtension>
        </extensions>
      </trkpt>
      <trkpt lat="31.171118728816509246826171875" lon="121.47166754119098186492919921875">
        <ele>12.19999980926513671875</ele>
        <time>2026-02-18T09:27:21.000Z</time>
        <extensions>
          <ns3:TrackPointExtension>
            <ns3:atemp>20.0</ns3:atemp>
            <ns3:hr>75</ns3:hr>
          </ns3:TrackPointExtension>
        </extensions>
      </trkpt>
      <trkpt lat="31.17120766080915927886962890625" lon="121.4718904159963130950927734375">
        <ele>13.80000019073486328125</ele>
        <time>2026-02-18T09:27:23.000Z</time>
        <extensions>
          <ns3:TrackPointExtension>
            <ns3:atemp>21.0</ns3:atemp>
            <ns3:hr>75</ns3:hr>
          </ns3:TrackPointExtension>
        </extensions>
      </trkpt>
      <trkpt lat="31.171394996345043182373046875" lon="121.472246982157230377197265625">
        <ele>14.19999980926513671875</ele>
        <time>2026-02-18T09:27:26.000Z</time>
        <extensions>
          <ns3:TrackPointExtension>
            <ns3:atemp>21.0</ns3:atemp>
            <ns3:hr>78</ns3:hr>
          </ns3:TrackPointExtension>
        </extensions>
      </trkpt>
      <trkpt lat="31.1716959066689014434814453125" lon="121.47279121913015842437744140625">
        <ele>14.6000003814697265625</ele>
        <time>2026-02-18T09:27:31.000Z</time>
        <extensions>
          <ns3:TrackPointExtension>
            <ns3:atemp>21.0</ns3:atemp>
            <ns3:hr>81</ns3:hr>
          </ns3:TrackPointExtension>
        </extensions>
      </trkpt>
      <trkpt lat="31.17176220752298831939697265625" lon="121.472921557724475860595703125">
        <ele>15</ele>
        <time>2026-02-18T09:27:32.000Z</time>
        <extensions>
          <ns3:TrackPointExtension>
            <ns3:atemp>21.0</ns3:atemp>
            <ns3:hr>81</ns3:hr>
          </ns3:TrackPointExtension>
        </extensions>
      </trkpt>
      <trkpt lat="31.171977706253528594970703125" lon="121.47331441752612590789794921875">
        <ele>16</ele>
        <time>2026-02-18T09:27:35.000Z</time>
        <extensions>
          <ns3:TrackPointExtension>
            <ns3:atemp>21.0</ns3:atemp>
            <ns3:hr>82</ns3:hr>
          </ns3:TrackPointExtension>
        </extensions>
      </trkpt>
      <trkpt lat="31.17212564684450626373291015625" lon="121.47357056848704814910888671875">
        <ele>16.3999996185302734375</ele>
        <time>2026-02-18T09:27:37.000Z</time>
        <extensions>
          <ns3:TrackPointExtension>
            <ns3:atemp>21.0</ns3:atemp>
            <ns3:hr>82</ns3:hr>
          </ns3:TrackPointExtension>
        </extensions>
      </trkpt>
      <trkpt lat="31.17241716943681240081787109375" lon="121.47409628145396709442138671875">
        <ele>16.6000003814697265625</ele>
        <time>2026-02-18T09:27:41.000Z</time>
        <extensions>
          <ns3:TrackPointExtension>
            <ns3:atemp>21.0</ns3:atemp>
            <ns3:hr>83</ns3:hr>
          </ns3:TrackPointExtension>
        </extensions>
      </trkpt>
      <trkpt lat="31.17268924601376056671142578125" lon="121.47458259947597980499267578125">
        <ele>15.19999980926513671875</ele>
        <time>2026-02-18T09:27:45.000Z</time>
        <extensions>
          <ns3:TrackPointExtension>
            <ns3:atemp>21.0</ns3:atemp>
            <ns3:hr>83</ns3:hr>
          </ns3:TrackPointExtension>
        </extensions>
      </trkpt>
      <trkpt lat="31.17298998869955539703369140625" lon="121.47509674541652202606201171875">
        <ele>15.6000003814697265625</ele>
        <time>2026-02-18T09:27:49.000Z</time>
        <extensions>
          <ns3:TrackPointExtension>
            <ns3:atemp>21.0</ns3:atemp>
            <ns3:hr>83</ns3:hr>
          </ns3:TrackPointExtension>
        </extensions>
      </trkpt>
      <trkpt lat="31.1733062379062175750732421875" lon="121.4756445027887821197509765625">
        <ele>16.3999996185302734375</ele>
        <time>2026-02-18T09:27:53.000Z</time>
        <extensions>
          <ns3:TrackPointExtension>
            <ns3:atemp>21.0</ns3:atemp>
            <ns3:hr>84</ns3:hr>
          </ns3:TrackPointExtension>
        </extensions>
      </trkpt>
      <trkpt lat="31.17346725426614284515380859375" lon="121.47593962959945201873779296875">
        <ele>16.6000003814697265625</ele>
        <time>2026-02-18T09:27:55.000Z</time>
        <extensions>
          <ns3:TrackPointExtension>
            <ns3:atemp>21.0</ns3:atemp>
            <ns3:hr>85</ns3:hr>
          </ns3:TrackPointExtension>
        </extensions>
      </trkpt>
      <trkpt lat="31.17378291673958301544189453125" lon="121.4765252731740474700927734375">
        <ele>16.799999237060546875</ele>
        <time>2026-02-18T09:27:59.000Z</time>
        <extensions>
          <ns3:TrackPointExtension>
            <ns3:atemp>21.0</ns3:atemp>
            <ns3:hr>87</ns3:hr>
          </ns3:TrackPointExtension>
        </extensions>
      </trkpt>
      <trkpt lat="31.173942089080810546875" lon="121.47681587375700473785400390625">
        <ele>16.200000762939453125</ele>
        <time>2026-02-18T09:28:01.000Z</time>
        <extensions>
          <ns3:TrackPointExtension>
            <ns3:atemp>21.0</ns3:atemp>
            <ns3:hr>88</ns3:hr>
          </ns3:TrackPointExtension>
        </extensions>
      </trkpt>
      <trkpt lat="31.1742329411208629608154296875" lon="121.477326415479183197021484375">
        <ele>15</ele>
        <time>2026-02-18T09:28:05.000Z</time>
        <extensions>
          <ns3:TrackPointExtension>
            <ns3:atemp>21.0</ns3:atemp>
            <ns3:hr>89</ns3:hr>
          </ns3:TrackPointExtension>
        </extensions>
      </trkpt>
      <trkpt lat="31.17430125363171100616455078125" lon="121.47743445821106433868408203125">
        <ele>15</ele>
        <time>2026-02-18T09:28:06.000Z</time>
        <extensions>
          <ns3:TrackPointExtension>
            <ns3:atemp>21.0</ns3:atemp>
            <ns3:hr>88</ns3:hr>
          </ns3:TrackPointExtension>
        </extensions>
      </trkpt>
      <trkpt lat="31.1745400540530681610107421875" lon="121.477856151759624481201171875">
        <ele>15.3999996185302734375</ele>
        <time>2026-02-18T09:28:10.000Z</time>
        <extensions>
          <ns3:TrackPointExtension>
            <ns3:atemp>21.0</ns3:atemp>
            <ns3:hr>91</ns3:hr>
          </ns3:TrackPointExtension>
        </extensions>
      </trkpt>
      <trkpt lat="31.17458338849246501922607421875" lon="121.477951705455780029296875">
        <ele>15.3999996185302734375</ele>
        <time>2026-02-18T09:28:11.000Z</time>
        <extensions>
          <ns3:TrackPointExtension>
            <ns3:atemp>21.0</ns3:atemp>
            <ns3:hr>91</ns3:hr>
          </ns3:TrackPointExtension>
        </extensions>
      </trkpt>
      <trkpt lat="31.17467726580798625946044921875" lon="121.4781413041055202484130859375">
        <ele>12.6000003814697265625</ele>
        <time>2026-02-18T09:28:14.000Z</time>
        <extensions>
          <ns3:TrackPointExtension>
            <ns3:atemp>21.0</ns3:atemp>
            <ns3:hr>92</ns3:hr>
          </ns3:TrackPointExtension>
        </extensions>
      </trkpt>
      <trkpt lat="31.17470693774521350860595703125" lon="121.47819913923740386962890625">
        <ele>11.80000019073486328125</ele>
        <time>2026-02-18T09:28:15.000Z</time>
        <extensions>
          <ns3:TrackPointExtension>
            <ns3:atemp>21.0</ns3:atemp>
            <ns3:hr>92</ns3:hr>
          </ns3:TrackPointExtension>
        </extensions>
      </trkpt>
      <trkpt lat="31.17472001351416110992431640625" lon="121.4782314933836460113525390625">
        <ele>11</ele>
        <time>2026-02-18T09:28:16.000Z</time>
        <extensions>
          <ns3:TrackPointExtension>
            <ns3:atemp>21.0</ns3:atemp>
            <ns3:hr>91</ns3:hr>
          </ns3:TrackPointExtension>
        </extensions>
      </trkpt>
      <trkpt lat="31.1747395433485507965087890625" lon="121.4782583154737949371337890625">
        <ele>9.80000019073486328125</ele>
        <time>2026-02-18T09:28:18.000Z</time>
        <extensions>
          <ns3:TrackPointExtension>
            <ns3:atemp>21.0</ns3:atemp>
            <ns3:hr>90</ns3:hr>
          </ns3:TrackPointExtension>
        </extensions>
      </trkpt>
      <trkpt lat="31.17473811842501163482666015625" lon="121.47825689055025577545166015625">
        <ele>9.6000003814697265625</ele>
        <time>2026-02-18T09:28:22.000Z</time>
        <extensions>
          <ns3:TrackPointExtension>
            <ns3:atemp>21.0</ns3:atemp>
            <ns3:hr>90</ns3:hr>
          </ns3:TrackPointExtension>
        </extensions>
      </trkpt>
      <trkpt lat="31.17473811842501163482666015625" lon="121.47825689055025577545166015625">
        <ele>9.3999996185302734375</ele>
        <time>2026-02-18T09:28:32.000Z</time>
        <extensions>
          <ns3:TrackPointExtension>
            <ns3:atemp>21.0</ns3:atemp>
            <ns3:hr>87</ns3:hr>
          </ns3:TrackPointExtension>
        </extensions>
      </trkpt>
      <trkpt lat="31.17473828606307506561279296875" lon="121.47825705818831920623779296875">
        <ele>9.3999996185302734375</ele>
        <time>2026-02-18T09:28:35.000Z</time>
        <extensions>
          <ns3:TrackPointExtension>
            <ns3:atemp>21.0</ns3:atemp>
            <ns3:hr>84</ns3:hr>
          </ns3:TrackPointExtension>
        </extensions>
      </trkpt>
      <trkpt lat="31.17473811842501163482666015625" lon="121.47825689055025577545166015625">
        <ele>9.3999996185302734375</ele>
        <time>2026-02-18T09:28:37.000Z</time>
        <extensions>
          <ns3:TrackPointExtension>
            <ns3:atemp>21.0</ns3:atemp>
            <ns3:hr>87</ns3:hr>
          </ns3:TrackPointExtension>
        </extensions>
      </trkpt>
      <trkpt lat="31.17473811842501163482666015625" lon="121.47825689055025577545166015625">
        <ele>9.3999996185302734375</ele>
        <time>2026-02-18T09:28:44.000Z</time>
        <extensions>
          <ns3:TrackPointExtension>
            <ns3:atemp>21.0</ns3:atemp>
            <ns3:hr>88</ns3:hr>
          </ns3:TrackPointExtension>
        </extensions>
      </trkpt>
      <trkpt lat="31.17473811842501163482666015625" lon="121.47825689055025577545166015625">
        <ele>9.3999996185302734375</ele>
        <time>2026-02-18T09:28:48.000Z</time>
        <extensions>
          <ns3:TrackPointExtension>
            <ns3:atemp>21.0</ns3:atemp>
            <ns3:hr>85</ns3:hr>
          </ns3:TrackPointExtension>
        </extensions>
      </trkpt>
      <trkpt lat="31.174738705158233642578125" lon="121.478257477283477783203125">
        <ele>9.19999980926513671875</ele>
        <time>2026-02-18T09:28:57.000Z</time>
        <extensions>
          <ns3:TrackPointExtension>
            <ns3:atemp>21.0</ns3:atemp>
            <ns3:hr>84</ns3:hr>
          </ns3:TrackPointExtension>
        </extensions>
      </trkpt>
      <trkpt lat="31.17473912425339221954345703125" lon="121.47824917919933795928955078125">
        <ele>9</ele>
        <time>2026-02-18T09:29:03.000Z</time>
        <extensions>
          <ns3:TrackPointExtension>
            <ns3:atemp>21.0</ns3:atemp>
            <ns3:hr>82</ns3:hr>
          </ns3:TrackPointExtension>
        </extensions>
      </trkpt>
      <trkpt lat="31.174749433994293212890625" lon="121.47825102321803569793701171875">
        <ele>9</ele>
        <time>2026-02-18T09:29:05.000Z</time>
        <extensions>
          <ns3:TrackPointExtension>
            <ns3:atemp>21.0</ns3:atemp>
            <ns3:hr>83</ns3:hr>
          </ns3:TrackPointExtension>
        </extensions>
      </trkpt>
      <trkpt lat="31.17474867962300777435302734375" lon="121.47825068794190883636474609375">
        <ele>9</ele>
        <time>2026-02-18T09:29:09.000Z</time>
        <extensions>
          <ns3:TrackPointExtension>
            <ns3:atemp>21.0</ns3:atemp>
            <ns3:hr>83</ns3:hr>
          </ns3:TrackPointExtension>
        </extensions>
      </trkpt>
      <trkpt lat="31.174749769270420074462890625" lon="121.47825269959867000579833984375">
        <ele>9</ele>
        <time>2026-02-18T09:29:19.000Z</time>
        <extensions>
          <ns3:TrackPointExtension>
            <ns3:atemp>21.0</ns3:atemp>
            <ns3:hr>81</ns3:hr>
          </ns3:TrackPointExtension>
        </extensions>
      </trkpt>
      <trkpt lat="31.17476175539195537567138671875" lon="121.47828170098364353179931640625">
        <ele>9</ele>
        <time>2026-02-18T09:29:21.000Z</time>
        <extensions>
          <ns3:TrackPointExtension>
            <ns3:atemp>21.0</ns3:atemp>
            <ns3:hr>81</ns3:hr>
          </ns3:TrackPointExtension>
        </extensions>
      </trkpt>
      <trkpt lat="31.17480282671749591827392578125" lon="121.4783773384988307952880859375">
        <ele>8.6000003814697265625</ele>
        <time>2026-02-18T09:29:23.000Z</time>
        <extensions>
          <ns3:TrackPointExtension>
            <ns3:atemp>21.0</ns3:atemp>
            <ns3:hr>80</ns3:hr>
          </ns3:TrackPointExtension>
        </extensions>
      </trkpt>
      <trkpt lat="31.1749564670026302337646484375" lon="121.478646062314510345458984375">
        <ele>9.6000003814697265625</ele>
        <time>2026-02-18T09:29:26.000Z</time>
        <extensions>
          <ns3:TrackPointExtension>
            <ns3:atemp>21.0</ns3:atemp>
            <ns3:hr>82</ns3:hr>
          </ns3:TrackPointExtension>
        </extensions>
      </trkpt>
      <trkpt lat="31.17508060298860073089599609375" lon="121.4788742177188396453857421875">
        <ele>12.6000003814697265625</ele>
        <time>2026-02-18T09:29:28.000Z</time>
        <extensions>
          <ns3:TrackPointExtension>
            <ns3:atemp>22.0</ns3:atemp>
            <ns3:hr>82</ns3:hr>
          </ns3:TrackPointExtension>
        </extensions>
      </trkpt>
      <trkpt lat="31.1751660145819187164306640625" lon="121.4790358208119869232177734375">
        <ele>13</ele>
        <time>2026-02-18T09:29:29.000Z</time>
        <extensions>
          <ns3:TrackPointExtension>
            <ns3:atemp>22.0</ns3:atemp>
            <ns3:hr>83</ns3:hr>
          </ns3:TrackPointExtension>
        </extensions>
      </trkpt>
      <trkpt lat="31.175313033163547515869140625" lon="121.4793090708553791046142578125">
        <ele>14.19999980926513671875</ele>
        <time>2026-02-18T09:29:31.000Z</time>
        <extensions>
          <ns3:TrackPointExtension>
            <ns3:atemp>22.0</ns3:atemp>
            <ns3:hr>84</ns3:hr>
          </ns3:TrackPointExtension>
        </extensions>
      </trkpt>
      <trkpt lat="31.17547740228474140167236328125" lon="121.47962062619626522064208984375">
        <ele>14.80000019073486328125</ele>
        <time>2026-02-18T09:29:33.000Z</time>
        <extensions>
          <ns3:TrackPointExtension>
            <ns3:atemp>22.0</ns3:atemp>
            <ns3:hr>83</ns3:hr>
          </ns3:TrackPointExtension>
        </extensions>
      </trkpt>
      <trkpt lat="31.17566264234483242034912109375" lon="121.479969732463359832763671875">
        <ele>15.19999980926513671875</ele>
        <time>2026-02-18T09:29:35.000Z</time>
        <extensions>
          <ns3:TrackPointExtension>
            <ns3:atemp>22.0</ns3:atemp>
            <ns3:hr>84</ns3:hr>
          </ns3:TrackPointExtension>
        </extensions>
      </trkpt>
      <trkpt lat="31.1759995110332965850830078125" lon="121.48059762082993984222412109375">
        <ele>16</ele>
        <time>2026-02-18T09:29:39.000Z</time>
        <extensions>
          <ns3:TrackPointExtension>
            <ns3:atemp>22.0</ns3:atemp>
            <ns3:hr>84</ns3:hr>
          </ns3:TrackPointExtension>
        </extensions>
      </trkpt>
      <trkpt lat="31.17606765590608119964599609375" lon="121.48072703741490840911865234375">
        <ele>16</ele>
        <time>2026-02-18T09:29:40.000Z</time>
        <extensions>
          <ns3:TrackPointExtension>
            <ns3:atemp>22.0</ns3:atemp>
            <ns3:hr>84</ns3:hr>
          </ns3:TrackPointExtension>
        </extensions>
      </trkpt>
      <trkpt lat="31.17635138332843780517578125" lon="121.4812637306749820709228515625">
        <ele>16.3999996185302734375</ele>
        <time>2026-02-18T09:29:43.000Z</time>
        <extensions>
          <ns3:TrackPointExtension>
            <ns3:atemp>22.0</ns3:atemp>
            <ns3:hr>84</ns3:hr>
          </ns3:TrackPointExtension>
        </extensions>
      </trkpt>
      <trkpt lat="31.176524721086025238037109375" lon="121.48159607313573360443115234375">
        <ele>16.799999237060546875</ele>
        <time>2026-02-18T09:29:45.000Z</time>
        <extensions>
          <ns3:TrackPointExtension>
            <ns3:atemp>22.0</ns3:atemp>
            <ns3:hr>83</ns3:hr>
          </ns3:TrackPointExtension>
        </extensions>
      </trkpt>
      <trkpt lat="31.17687365971505641937255859375" lon="121.48222739808261394500732421875">
        <ele>16</ele>
        <time>2026-02-18T09:29:49.000Z</time>
        <extensions>
          <ns3:TrackPointExtension>
            <ns3:atemp>22.0</ns3:atemp>
            <ns3:hr>84</ns3:hr>
          </ns3:TrackPointExtension>
        </extensions>
      </trkpt>
      <trkpt lat="31.17696736939251422882080078125" lon="121.482370309531688690185546875">
        <ele>15.19999980926513671875</ele>
        <time>2026-02-18T09:29:50.000Z</time>
        <extensions>
          <ns3:TrackPointExtension>
            <ns3:atemp>22.0</ns3:atemp>
            <ns3:hr>84</ns3:hr>
          </ns3:TrackPointExtension>
        </extensions>
      </trkpt>
      <trkpt lat="31.17735377512872219085693359375" lon="121.4829360879957675933837890625">
        <ele>14.80000019073486328125</ele>
        <time>2026-02-18T09:29:54.000Z</time>
        <extensions>
          <ns3:TrackPointExtension>
            <ns3:atemp>22.0</ns3:atemp>
            <ns3:hr>85</ns3:hr>
          </ns3:TrackPointExtension>
        </extensions>
      </trkpt>
      <trkpt lat="31.17766206152737140655517578125" lon="121.483374796807765960693359375">
        <ele>15.19999980926513671875</ele>
        <time>2026-02-18T09:29:57.000Z</time>
        <extensions>
          <ns3:TrackPointExtension>
            <ns3:atemp>22.0</ns3:atemp>
            <ns3:hr>85</ns3:hr>
          </ns3:TrackPointExtension>
        </extensions>
      </trkpt>
      <trkpt lat="31.1778696812689304351806640625" lon="121.483680568635463714599609375">
        <ele>15.3999996185302734375</ele>
        <time>2026-02-18T09:29:59.000Z</time>
        <extensions>
          <ns3:TrackPointExtension>
            <ns3:atemp>22.0</ns3:atemp>
            <ns3:hr>89</ns3:hr>
          </ns3:TrackPointExtension>
        </extensions>
      </trkpt>
      <trkpt lat="31.17808098904788494110107421875" lon="121.48399665020406246185302734375">
        <ele>15.3999996185302734375</ele>
        <time>2026-02-18T09:30:01.000Z</time>
        <extensions>
          <ns3:TrackPointExtension>
            <ns3:atemp>22.0</ns3:atemp>
            <ns3:hr>92</ns3:hr>
          </ns3:TrackPointExtension>
        </extensions>
      </trkpt>
      <trkpt lat="31.1781858466565608978271484375" lon="121.48415590636432170867919921875">
        <ele>15.3999996185302734375</ele>
        <time>2026-02-18T09:30:02.000Z</time>
        <extensions>
          <ns3:TrackPointExtension>
            <ns3:atemp>22.0</ns3:atemp>
            <ns3:hr>92</ns3:hr>
          </ns3:TrackPointExtension>
        </extensions>
      </trkpt>
      <trkpt lat="31.1786024272441864013671875" lon="121.48479443974792957305908203125">
        <ele>15.80000019073486328125</ele>
        <time>2026-02-18T09:30:06.000Z</time>
        <extensions>
          <ns3:TrackPointExtension>
            <ns3:atemp>22.0</ns3:atemp>
            <ns3:hr>92</ns3:hr>
          </ns3:TrackPointExtension>
        </extensions>
      </trkpt>
      <trkpt lat="31.17888732813298702239990234375" lon="121.4852260239422321319580078125">
        <ele>15.80000019073486328125</ele>
        <time>2026-02-18T09:30:09.000Z</time>
        <extensions>
          <ns3:TrackPointExtension>
            <ns3:atemp>22.0</ns3:atemp>
            <ns3:hr>91</ns3:hr>
          </ns3:TrackPointExtension>
        </extensions>
      </trkpt>
      <trkpt lat="31.1792778410017490386962890625" lon="121.48581032641232013702392578125">
        <ele>15.80000019073486328125</ele>
        <time>2026-02-18T09:30:13.000Z</time>
        <extensions>
          <ns3:TrackPointExtension>
            <ns3:atemp>22.0</ns3:atemp>
            <ns3:hr>90</ns3:hr>
          </ns3:TrackPointExtension>
        </extensions>
      </trkpt>
      <trkpt lat="31.179573051631450653076171875" lon="121.4862603507936000823974609375">
        <ele>15.80000019073486328125</ele>
        <time>2026-02-18T09:30:16.000Z</time>
        <extensions>
          <ns3:TrackPointExtension>
            <ns3:atemp>22.0</ns3:atemp>
            <ns3:hr>88</ns3:hr>
          </ns3:TrackPointExtension>
        </extensions>
      </trkpt>
      <trkpt lat="31.17987572215497493743896484375" lon="121.4868045039474964141845703125">
        <ele>13.6000003814697265625</ele>
        <time>2026-02-18T09:30:20.000Z</time>
        <extensions>
          <ns3:TrackPointExtension>
            <ns3:atemp>22.0</ns3:atemp>
            <ns3:hr>87</ns3:hr>
          </ns3:TrackPointExtension>
        </extensions>
      </trkpt>
      <trkpt lat="31.17997563444077968597412109375" lon="121.4870162308216094970703125">
        <ele>12</ele>
        <time>2026-02-18T09:30:22.000Z</time>
        <extensions>
          <ns3:TrackPointExtension>
            <ns3:atemp>22.0</ns3:atemp>
            <ns3:hr>87</ns3:hr>
          </ns3:TrackPointExtension>
        </extensions>
      </trkpt>
      <trkpt lat="31.180015616118907928466796875" lon="121.48710407316684722900390625">
        <ele>10.6000003814697265625</ele>
        <time>2026-02-18T09:30:23.000Z</time>
        <extensions>
          <ns3:TrackPointExtension>
            <ns3:atemp>22.0</ns3:atemp>
            <ns3:hr>87</ns3:hr>
          </ns3:TrackPointExtension>
        </extensions>
      </trkpt>
      <trkpt lat="31.1800566874444484710693359375" lon="121.487219072878360748291015625">
        <ele>9.3999996185302734375</ele>
        <time>2026-02-18T09:30:25.000Z</time>
        <extensions>
          <ns3:TrackPointExtension>
            <ns3:atemp>22.0</ns3:atemp>
            <ns3:hr>87</ns3:hr>
          </ns3:TrackPointExtension>
        </extensions>
      </trkpt>
      <trkpt lat="31.1800660751760005950927734375" lon="121.4872386865317821502685546875">
        <ele>8.19999980926513671875</ele>
        <time>2026-02-18T09:30:26.000Z</time>
        <extensions>
          <ns3:TrackPointExtension>
            <ns3:atemp>22.0</ns3:atemp>
            <ns3:hr>87</ns3:hr>
          </ns3:TrackPointExtension>
        </extensions>
      </trkpt>
      <trkpt lat="31.18006448261439800262451171875" lon="121.48723684251308441162109375">
        <ele>7.599999904632568359375</ele>
        <time>2026-02-18T09:30:27.000Z</time>
        <extensions>
          <ns3:TrackPointExtension>
            <ns3:atemp>22.0</ns3:atemp>
            <ns3:hr>87</ns3:hr>
          </ns3:TrackPointExtension>
        </extensions>
      </trkpt>
      <trkpt lat="31.18006448261439800262451171875" lon="121.48723684251308441162109375">
        <ele>7.400000095367431640625</ele>
        <time>2026-02-18T09:30:37.000Z</time>
        <extensions>
          <ns3:TrackPointExtension>
            <ns3:atemp>22.0</ns3:atemp>
            <ns3:hr>85</ns3:hr>
          </ns3:TrackPointExtension>
        </extensions>
      </trkpt>
      <trkpt lat="31.18006481789052486419677734375" lon="121.48723759688436985015869140625">
        <ele>7.19999980926513671875</ele>
        <time>2026-02-18T09:30:41.000Z</time>
        <extensions>
          <ns3:TrackPointExtension>
            <ns3:atemp>22.0</ns3:atemp>
            <ns3:hr>82</ns3:hr>
          </ns3:TrackPointExtension>
        </extensions>
      </trkpt>
      <trkpt lat="31.1800647340714931488037109375" lon="121.4872373454272747039794921875">
        <ele>7.19999980926513671875</ele>
        <time>2026-02-18T09:30:45.000Z</time>
        <extensions>
          <ns3:TrackPointExtension>
            <ns3:atemp>22.0</ns3:atemp>
            <ns3:hr>79</ns3:hr>
          </ns3:TrackPointExtension>
        </extensions>
      </trkpt>
      <trkpt lat="31.18006448261439800262451171875" lon="121.48723684251308441162109375">
        <ele>7.19999980926513671875</ele>
        <time>2026-02-18T09:30:46.000Z</time>
        <extensions>
          <ns3:TrackPointExtension>
            <ns3:atemp>22.0</ns3:atemp>
            <ns3:hr>78</ns3:hr>
          </ns3:TrackPointExtension>
        </extensions>
      </trkpt>
      <trkpt lat="31.18006448261439800262451171875" lon="121.48723684251308441162109375">
        <ele>7.19999980926513671875</ele>
        <time>2026-02-18T09:30:48.000Z</time>
        <extensions>
          <ns3:TrackPointExtension>
            <ns3:atemp>22.0</ns3:atemp>
            <ns3:hr>75</ns3:hr>
          </ns3:TrackPointExtension>
        </extensions>
      </trkpt>
      <trkpt lat="31.18006465025246143341064453125" lon="121.48723726160824298858642578125">
        <ele>7.19999980926513671875</ele>
        <time>2026-02-18T09:30:52.000Z</time>
        <extensions>
          <ns3:TrackPointExtension>
            <ns3:atemp>22.0</ns3:atemp>
            <ns3:hr>72</ns3:hr>
          </ns3:TrackPointExtension>
        </extensions>
      </trkpt>
      <trkpt lat="31.180064566433429718017578125" lon="121.4872370101511478424072265625">
        <ele>7.19999980926513671875</ele>
        <time>2026-02-18T09:30:55.000Z</time>
        <extensions>
          <ns3:TrackPointExtension>
            <ns3:atemp>22.0</ns3:atemp>
            <ns3:hr>69</ns3:hr>
          </ns3:TrackPointExtension>
        </extensions>
      </trkpt>
      <trkpt lat="31.18006448261439800262451171875" lon="121.48723684251308441162109375">
        <ele>7.19999980926513671875</ele>
        <time>2026-02-18T09:30:56.000Z</time>
        <extensions>
          <ns3:TrackPointExtension>
            <ns3:atemp>22.0</ns3:atemp>
            <ns3:hr>69</ns3:hr>
          </ns3:TrackPointExtension>
        </extensions>
      </trkpt>
      <trkpt lat="31.180064566433429718017578125" lon="121.48723709397017955780029296875">
        <ele>7</ele>
        <time>2026-02-18T09:30:59.000Z</time>
        <extensions>
          <ns3:TrackPointExtension>
            <ns3:atemp>22.0</ns3:atemp>
            <ns3:hr>68</ns3:hr>
          </ns3:TrackPointExtension>
        </extensions>
      </trkpt>
      <trkpt lat="31.18006448261439800262451171875" lon="121.48723684251308441162109375">
        <ele>7</ele>
        <time>2026-02-18T09:31:07.000Z</time>
        <extensions>
          <ns3:TrackPointExtension>
            <ns3:atemp>22.0</ns3:atemp>
            <ns3:hr>68</ns3:hr>
          </ns3:TrackPointExtension>
        </extensions>
      </trkpt>
      <trkpt lat="31.180064566433429718017578125" lon="121.48723709397017955780029296875">
        <ele>7</ele>
        <time>2026-02-18T09:31:15.000Z</time>
        <extensions>
          <ns3:TrackPointExtension>
            <ns3:atemp>22.0</ns3:atemp>
            <ns3:hr>66</ns3:hr>
          </ns3:TrackPointExtension>
        </extensions>
      </trkpt>
      <trkpt lat="31.18006498552858829498291015625" lon="121.48726223967969417572021484375">
        <ele>6.80000019073486328125</ele>
        <time>2026-02-18T09:31:27.000Z</time>
        <extensions>
          <ns3:TrackPointExtension>
            <ns3:atemp>22.0</ns3:atemp>
            <ns3:hr>67</ns3:hr>
          </ns3:TrackPointExtension>
        </extensions>
      </trkpt>
      <trkpt lat="31.18012567050755023956298828125" lon="121.4874646626412868499755859375">
        <ele>7.599999904632568359375</ele>
        <time>2026-02-18T09:31:30.000Z</time>
        <extensions>
          <ns3:TrackPointExtension>
            <ns3:atemp>22.0</ns3:atemp>
            <ns3:hr>66</ns3:hr>
          </ns3:TrackPointExtension>
        </extensions>
      </trkpt>
      <trkpt lat="31.1801599524915218353271484375" lon="121.4875853620469570159912109375">
        <ele>8.3999996185302734375</ele>
        <time>2026-02-18T09:31:31.000Z</time>
        <extensions>
          <ns3:TrackPointExtension>
            <ns3:atemp>22.0</ns3:atemp>
            <ns3:hr>67</ns3:hr>
          </ns3:TrackPointExtension>
        </extensions>
      </trkpt>
      <trkpt lat="31.18018484674394130706787109375" lon="121.48771427571773529052734375">
        <ele>9.19999980926513671875</ele>
        <time>2026-02-18T09:31:32.000Z</time>
        <extensions>
          <ns3:TrackPointExtension>
            <ns3:atemp>22.0</ns3:atemp>
            <ns3:hr>67</ns3:hr>
          </ns3:TrackPointExtension>
        </extensions>
      </trkpt>
      <trkpt lat="31.180206052958965301513671875" lon="121.48784260265529155731201171875">
        <ele>10</ele>
        <time>2026-02-18T09:31:33.000Z</time>
        <extensions>
          <ns3:TrackPointExtension>
            <ns3:atemp>22.0</ns3:atemp>
            <ns3:hr>67</ns3:hr>
          </ns3:TrackPointExtension>
        </extensions>
      </trkpt>
      <trkpt lat="31.18023245595395565032958984375" lon="121.4879886992275714874267578125">
        <ele>11.19999980926513671875</ele>
        <time>2026-02-18T09:31:34.000Z</time>
        <extensions>
          <ns3:TrackPointExtension>
            <ns3:atemp>22.0</ns3:atemp>
            <ns3:hr>67</ns3:hr>
          </ns3:TrackPointExtension>
        </extensions>
      </trkpt>
      <trkpt lat="31.180253326892852783203125" lon="121.4881375618278980255126953125">
        <ele>13.19999980926513671875</ele>
        <time>2026-02-18T09:31:35.000Z</time>
        <extensions>
          <ns3:TrackPointExtension>
            <ns3:atemp>22.0</ns3:atemp>
            <ns3:hr>67</ns3:hr>
          </ns3:TrackPointExtension>
        </extensions>
      </trkpt>
      <trkpt lat="31.18027419783174991607666015625" lon="121.48829254321753978729248046875">
        <ele>13.3999996185302734375</ele>
        <time>2026-02-18T09:31:36.000Z</time>
        <extensions>
          <ns3:TrackPointExtension>
            <ns3:atemp>22.0</ns3:atemp>
            <ns3:hr>68</ns3:hr>
          </ns3:TrackPointExtension>
        </extensions>
      </trkpt>
      <trkpt lat="31.18029481731355190277099609375" lon="121.4884431660175323486328125">
        <ele>13.3999996185302734375</ele>
        <time>2026-02-18T09:31:37.000Z</time>
        <extensions>
          <ns3:TrackPointExtension>
            <ns3:atemp>22.0</ns3:atemp>
            <ns3:hr>70</ns3:hr>
          </ns3:TrackPointExtension>
        </extensions>
      </trkpt>
      <trkpt lat="31.18036891333758831024169921875" lon="121.48912352509796619415283203125">
        <ele>11.19999980926513671875</ele>
        <time>2026-02-18T09:31:42.000Z</time>
        <extensions>
          <ns3:TrackPointExtension>
            <ns3:atemp>22.0</ns3:atemp>
            <ns3:hr>72</ns3:hr>
          </ns3:TrackPointExtension>
        </extensions>
      </trkpt>
      <trkpt lat="31.180387102067470550537109375" lon="121.489233411848545074462890625">
        <ele>10</ele>
        <time>2026-02-18T09:31:43.000Z</time>
        <extensions>
          <ns3:TrackPointExtension>
            <ns3:atemp>22.0</ns3:atemp>
            <ns3:hr>71</ns3:hr>
          </ns3:TrackPointExtension>
        </extensions>
      </trkpt>
      <trkpt lat="31.180421300232410430908203125" lon="121.4894007146358489990234375">
        <ele>9.3999996185302734375</ele>
        <time>2026-02-18T09:31:45.000Z</time>
        <extensions>
          <ns3:TrackPointExtension>
            <ns3:atemp>22.0</ns3:atemp>
            <ns3:hr>71</ns3:hr>
          </ns3:TrackPointExtension>
        </extensions>
      </trkpt>
      <trkpt lat="31.1804358847439289093017578125" lon="121.4894672669470310211181640625">
        <ele>9</ele>
        <time>2026-02-18T09:31:46.000Z</time>
        <extensions>
          <ns3:TrackPointExtension>
            <ns3:atemp>22.0</ns3:atemp>
            <ns3:hr>71</ns3:hr>
          </ns3:TrackPointExtension>
        </extensions>
      </trkpt>
    </trkseg>
  </trk>
</gpx>
